ID,Amygdala_L_cluster,Amygdala_R_cluster,Dorsal_striatum_L_cluster,Dorsal_striatum_R_cluster,Fusiform_gyrus_L_cluster,Fusiform_gyrus_R_cluster,Hippocampus_L_cluster,Hippocampus_R_cluster,Insula_L_cluster,Insula_R_cluster,Intracalcarine_cortex_L_cluster,Intracalcarine_cortex_R_cluster,lOFC_L_cluster,lOFC_R_cluster,mOFC_L_cluster,mOFC_R_cluster,Oral_somatosensory_cortex_R_cluster,Oral_somatosensory_cortex_L_cluster,Precuneus_L_cluster,Precuneus_R_cluster,Ventral_striatum_L_cluster,Ventral_striatum_R_cluster,vlPFC_L_cluster,vlPFC_R_cluster,vlThalamus_L_cluster,vlThalamus_R_cluster,vmPFC_L_cluster,vmPFC_R_cluster,Amygdala_L_central,Amygdala_R_central,Dorsal_striatum_L_central,Dorsal_striatum_R_central,Fusiform_gyrus_L_central,Fusiform_gyrus_R_central,Hippocampus_L_central,Hippocampus_R_central,Insula_L_central,Insula_R_central,Intracalcarine_cortex_L_central,Intracalcarine_cortex_R_central,lOFC_L_central,lOFC_R_central,mOFC_L_central,mOFC_R_central,Oral_somatosensory_cortex_R_central,Oral_somatosensory_cortex_L_central,Precuneus_L_central,Precuneus_R_central,Ventral_striatum_L_central,Ventral_striatum_R_central,vlPFC_L_central,vlPFC_R_central,vlThalamus_L_central,vlThalamus_R_central,vmPFC_L_central,vmPFC_R_central
1,1,0,0.641666667,0.803030303,0.666666667,0.516483516,0.722222222,0.666666667,0.67032967,0.757575758,1,0.714285714,0,0.709090909,0.747252747,1,0.452380952,0.50877193,0.833333333,0.666666667,1,0.541666667,0.619047619,0.7,0.818181818,0.933333333,0.606060606,0.608333333,0,0,0.033949024,0.009556133,0.077887545,0.056734264,0.026446085,0.057764201,0.025124361,0.009409623,0,0.007841541,0,0.014508434,0.015807546,0,0.173720313,0.096214331,0.000949668,0.002279202,0,0.13038664,0.010553181,0.002213733,0.006354859,0.000474834,0.045260706,0.037019616
2,0,0.692307692,0.596491228,0.68627451,0.644444444,0,0.676190476,0.333333333,0.720588235,0.863636364,0.6,0.733333333,0.8,0.733333333,0,0.333333333,0.626315789,0.658333333,0,0.78021978,0.857142857,0.725,0.777777778,0.755555556,0.916666667,0.730769231,0.577777778,0.647058824,0.009772635,0.030901538,0.076139633,0.025102841,0.013884122,0.001643655,0.067655556,0.055552425,0.019119935,0.004184222,0.088104401,0.014218869,0.005058996,0.016747924,0.002849003,0.024976258,0.039466564,0.022646284,0,0.010097207,0.00164496,0.017145983,0.003584995,0.005027586,0.000838873,0.009691132,0.027791171,0.047178874
3,0.333333333,0,0.770562771,0.678362573,0.714285714,0.905263158,0.828571429,1,0.905263158,0.74025974,0.905263158,0.905263158,0.333333333,1,0.921568627,0.993464052,0.878947368,0.878947368,0.918128655,0.9,0.993464052,0.9,0.970760234,0.883040936,1,0.5,0.9,0.970760234,0.002158335,0,0.051787419,0.073051331,0.006932574,0.006883095,0.029081576,0,0.006883095,0.092760798,0.006883095,0.006883095,0.000881834,0,0.006530198,0.000167588,0.027840224,0.030950386,0.00717262,0.009380135,0.000167588,0.009380135,0.000940889,0.029154796,0,0.005460589,0.009380135,0.000940889
4,0.7,0,0.561904762,0.866666667,0.785714286,1,0.666666667,0.397435897,0.641025641,0.590909091,0.545454545,0.622222222,0.618181818,0.333333333,0.6,0.563636364,0.626373626,0.555555556,0.621212121,0,0.619047619,0.549450549,0.805555556,0.636363636,1,0.571428571,0.505263158,0.712121212,0.002018335,0,0.040726817,0.000949668,0.002497473,0,0.00698777,0.166162637,0.024524455,0.051007695,0.026400389,0.014880752,0.209933636,0.142450142,0.020126325,0.030695752,0.026271619,0.024778846,0.02355357,0,0.04760891,0.038697057,0.005421019,0.012432879,0,0.006879033,0.108312068,0.02651221
5,0.678571429,0,0.705627706,0.711462451,0.70952381,0.833333333,0.944444444,0,0.773684211,0.805263158,1,0.803921569,0.847619048,0.732026144,0.854545455,0.838095238,0.771428571,0.830409357,0.895238095,0.704761905,0.821052632,0.641666667,0.895238095,0.812865497,0.671936759,0.810457516,0.830409357,0.81871345,0.006067698,0.000356125,0.038826064,0.029910597,0.03155796,0.000407,0.000638867,0,0.016007627,0.01177842,0,0.010737976,0.005439879,0.01778485,0.002044541,0.006085427,0.019917401,0.00880372,0.003620999,0.040039448,0.008986048,0.047852919,0.002884153,0.011851021,0.045252148,0.009844283,0.007789251,0.008677971
6,0.588235294,0.833333333,0.504761905,0.723809524,0.725274725,0.555555556,0.619047619,0.8,0.909090909,0.620915033,0.5,0.472222222,0.6,0.755555556,0.712121212,0.4,0.733333333,0.561403509,0.625,0.733333333,0.571428571,0.666666667,0.733333333,0.733333333,0.549019608,0.654411765,0.619047619,0.616666667,0.072931621,0.001756885,0.089065205,0.017169231,0.01642401,0.016114672,0.044964546,0.002057613,0.001863086,0.037128866,0.017779808,0.015718978,0.002321598,0.010706937,0.010530962,0.02763838,0.002564103,0.061009335,0.032299694,0.002389432,0.008797992,0.024296796,0.003289746,0.00322887,0.079279064,0.029265905,0.004714371,0.031358961
7,0.8,0.638888889,0.615789474,0.758241758,0.6,0.6,0.666666667,0.709090909,0.821428571,0.713235294,0.633333333,0.617647059,0.653594771,0.742857143,0.666666667,0.833333333,0.714285714,0.576190476,0.8,0.787878788,0,0,0.666666667,0.676470588,0.637362637,0.58974359,0.6,0.733333333,0.000641026,0.026410652,0.042330659,0.009797207,0.051382357,0.075096972,0.014398116,0.012883916,0.001748406,0.017303451,0.044283565,0.045207552,0.029078171,0.017604825,0.00153991,0.001650629,0.014928966,0.057702556,0.005801991,0.007217267,0,0.001160665,0.006525579,0.029905993,0.033572855,0.031498489,0.004361514,0.011408305
9,0.727272727,0.690909091,1,0.560606061,0.428571429,1,0.653846154,0.590909091,0.637362637,0.666666667,0.619047619,0.653846154,0.636363636,0.659340659,0.527472527,0.4,0.654545455,0.636363636,0.527272727,0.866666667,0.333333333,0,0.777777778,0.619047619,0.602941176,0.575163399,0.666666667,0.5,0.014927924,0.009806156,0,0.042285991,0.066337282,0,0.026246782,0.06814234,0.029120052,0.014527736,0.041460116,0.029219536,0.020086146,0.022355388,0.077086195,0.020429639,0.021603763,0.035407834,0.034651627,0.000712251,0.003561254,0,0.009188865,0.042745256,0.047384443,0.061418151,0.00299895,0.010433075
10,0.333333333,0.6,0.461538462,0.454545455,0.763636364,0.805555556,0.666666667,0.545454545,0.787878788,0.666666667,0.65,0.685714286,0.805555556,0.608333333,0.712121212,0.714285714,0.6,0.722222222,0,0.333333333,1,0.441666667,0.560606061,0.5,0.769230769,0.794871795,0.628571429,0.533333333,0.002543753,0.003402976,0.045854644,0.180941491,0.007677713,0.002893197,0.004690782,0.066099818,0.011735058,0.018697026,0.024777087,0.018236283,0.003517162,0.080212507,0.012456351,0.015440998,0.00989099,0.009570759,0.000949668,0.008942703,0,0.100509195,0.044641157,0.002666983,0.008943469,0.008727635,0.048649858,0.020863499
11,0.472727273,0.571428571,0.4,0.333333333,0,0.7,0.6,0.80952381,0,0,0.476190476,1,0,0.266666667,0.9,0.733333333,0.35,0.666666667,0,0,0.607142857,0.5,0.454545455,0.8,0,0.5,0.577777778,0,0.085576152,0.025199286,0.060642752,0.064102564,0,0.006159273,0.019872103,0.003774929,0.062678063,0.11965812,0.049849533,0,0,0.18151437,0.000949668,0.004700855,0.154632713,0.00381717,0,0,0.021774522,0.014141414,0.060066477,0.002215891,0,0.019039397,0.022540731,0
12,0.5,0.333333333,0.362637363,0.5,0.638888889,1,0.428571429,0.535714286,0.615384615,0.888888889,0.19047619,0.666666667,0.380952381,0.533333333,0.2,0.666666667,0.626373626,0.615384615,0.4,0.555555556,0.6,0.5,0.428571429,0.58974359,0.392857143,0.604395604,0.681818182,0.575757576,0.02384794,0.019132565,0.133412864,0.092254078,0.019013576,0,0.023643248,0.015280135,0.022353103,0.004166217,0.070547535,0.008906526,0.087654191,0.018938172,0.021522825,0.002141556,0.027665082,0.033544733,0.023262046,0.020808313,0.010229494,0.039616429,0.027517752,0.044414532,0.045385104,0.029086176,0.02211848,0.030916244
13,0.520467836,0.628205128,0.628571429,0.651515152,0.581818182,0.590909091,0.472222222,0.5,0.705128205,0.653846154,0.638095238,0.595588235,0,0.560606061,0.638888889,0.711111111,0.7,0.571428571,0.7,0.757575758,0.666666667,0.615384615,0.557894737,0.866666667,0.549707602,0.727272727,0.666666667,0.561403509,0.07013321,0.029443961,0.02431961,0.018157067,0.015459105,0.040041552,0.017233076,0.006232194,0.01139041,0.02021646,0.02035785,0.031179599,0.002781169,0.040396435,0.005937684,0.006586623,0.001851852,0.043533158,0.002621616,0.006256706,0.020536085,0.022799108,0.061348734,0.002633375,0.041763997,0.010611662,0.013784802,0.05341854
14,0.833333333,0.3,0.305555556,0.6,0.444444444,0.428571429,0.5,0.7,0.25,0.4,1,0.333333333,0.333333333,0.333333333,0.733333333,0.571428571,0.5,0.666666667,0,0,0.4,0.5,0.3,1,0.5,0.464285714,0.357142857,0.5,0.002255461,0.096595089,0.119467278,0.00953682,0.143262887,0.089180731,0.072467162,0.015510393,0.154547293,0.018979786,0,0.011239828,0.030557033,0.118072398,0.030416157,0.034305963,0.023304679,0.003663004,0,0,0.021651188,0.01112066,0.046588368,0,0.013706417,0.094722105,0.124060705,0.062366944
15,0.4,0.523809524,0.504761905,0.694444444,0.571428571,1,0.552380952,0.593406593,0.666666667,1,0.545454545,0.454545455,0.472527473,0.642857143,0.637362637,0.777777778,0.666666667,0.555555556,0.666666667,0.495238095,0.503267974,0.866666667,0.785714286,0,0.552380952,0.636363636,0.694444444,0.590909091,0.025267736,0.014391228,0.079064928,0.007437932,0.026655443,0,0.05009888,0.030234043,0.012348075,0,0.028192929,0.113778007,0.052461783,0.008377014,0.018857425,0.003909465,0.015427063,0.078647089,0.000949668,0.081490605,0.079738124,0.002317554,0.00433899,0,0.05739505,0.026992246,0.010022828,0.023457747
16,0.653846154,0.785714286,0.571428571,0.60952381,0.591666667,0.616666667,0.725,0.679487179,0.669117647,0.619883041,0.654545455,0.717948718,1,0.714285714,0.80952381,0.666666667,0.780952381,0.725,1,0.742424242,0.683823529,0.9,0.733333333,0.807692308,0.75,0.708333333,0.683823529,0.732026144,0.040973367,0.004517705,0.073703287,0.06764432,0.052984849,0.033340858,0.015178718,0.022073775,0.026848709,0.04603212,0.011674231,0.014549876,0,0.01029475,0.002401302,0.004788547,0.011580857,0.015899314,0,0.031287496,0.034275632,0.000407,0.017524563,0.006560276,0.005235363,0.018847368,0.029322562,0.01743777
17,0.333333333,1,0.785714286,0.636363636,0.444444444,0.6,0.321428571,0.333333333,0.583333333,0.8,0.654545455,0.666666667,0.422222222,0.602564103,0.6,0.6,0.514705882,0.580952381,0,0.41025641,0,0.549450549,0.636363636,0.833333333,0.666666667,0.533333333,0.711111111,0.563636364,0.074074074,0,0.003035842,0.026381544,0.079227593,0.009524729,0.075204014,0.023511057,0.045480341,0.001020893,0.01913095,0.010962473,0.105462017,0.039069926,0.005140292,0.005548458,0.083015927,0.043070411,0,0.132522704,0,0.050195194,0.023166637,0.000407,0.011519,0.066186163,0.012688144,0.043058607
18,0,0.6,0.872727273,0.704761905,0.621212121,0.535714286,0.714285714,0,0.685714286,0.641025641,0.676470588,0.678571429,1,0.666666667,0.807692308,0.679738562,0.794871795,0.594771242,0,0,0.892857143,0.758241758,0.761904762,0.742857143,0.628205128,0.5,0.791208791,0.791208791,0,0.071225071,0.003235193,0.022162401,0.025322665,0.01839796,0.013771414,0,0.021519217,0.144110547,0.031088281,0.00643739,0,0.003287311,0.007107167,0.034420134,0.010109778,0.094242777,0,0.071225071,0.001170126,0.015411678,0.012797393,0.016255529,0.02842851,0.142736857,0.00732717,0.00732717
19,0,0,0.516666667,0.805555556,0.678571429,0.166666667,0.666666667,0.533333333,0.666666667,0.722222222,0.333333333,0.333333333,0,0,0.5,0,0.733333333,0.561904762,0,0.6,0.6,0.563636364,0.6,0.761904762,0.761904762,0.622222222,0.785714286,0.525,0,0.071225071,0.07663435,0.00621354,0.012641885,0.084593469,0.004216976,0.149143038,0.071222462,0.007500113,0.136752137,0.120817375,0,0.071225071,0.075828176,0,0.009299438,0.060320417,0,0.084262651,0.024643353,0.097388066,0.033581012,0.00290327,0.004570928,0.022534256,0.003988604,0.081884655
20,0.555555556,0.581818182,0.566666667,0.769230769,0.505263158,0.466666667,0.711111111,0.641025641,0.658333333,0.685714286,0.466666667,0.6,0,0.5,0.4,0.464285714,0.964285714,0.807692308,0.714285714,0.575757576,0.644444444,0.666666667,0.659340659,0.747252747,0.666666667,0.633333333,0.522875817,0.818181818,0.04205036,0.026935513,0.080405593,0.011528028,0.094134416,0.022739495,0.010573531,0.018865243,0.031117555,0.025318499,0.011122069,0.004748338,0,0.002763389,0.014469141,0.024227947,0.0002849,0.008505095,0.007212952,0.035182469,0.008373494,0.006339623,0.045630149,0.013070713,0.018753263,0.029560907,0.11723769,0.009647349
21,0.666666667,0.666666667,0.688888889,0.571428571,0,0.333333333,0.7,0.555555556,0.575757576,0.561904762,0.361111111,0.6,0.666666667,0.4,0.666666667,0.448717949,0.466666667,0.602564103,0.666666667,0.5,0.694444444,0.952380952,0.727272727,0.628205128,0.666666667,0.560606061,0.666666667,0.666666667,0.002496269,0.004680505,0.01918638,0.030469973,0,0.082826844,0.003921155,0.025927697,0.104240551,0.115116423,0.111031664,0.010432777,0.003425587,0.020855585,0.004158187,0.198927616,0.029318983,0.046112189,0.000949668,0.007125717,0.040173043,0.001995712,0.028125997,0.074548413,0.002638719,0.060895144,0.035673941,0.034460362
22,0.75,0.581818182,0.666666667,0.4,0.709090909,0.619047619,0.6,0.560606061,0.551282051,0.666666667,0.638888889,0.483516484,1,0.527777778,0.514285714,0.472727273,0,1,0.345454545,0.555555556,0.5,0,0.833333333,0.833333333,0.563636364,1,0.380952381,0.5,0.013661647,0.057085939,0.001831502,0.031855279,0.01750558,0.018831055,0.051164378,0.047891179,0.069364792,0.003018586,0.019082837,0.131326273,0,0.086090858,0.100854743,0.05699849,0.003500604,0,0.186519083,0.040306982,0.005935423,0.006863044,0.001831502,0.001831502,0.060587089,0,0.030870981,0.029264726
24,0.751633987,0.757575758,0.847619048,0.816666667,0.861111111,0.658333333,0.742647059,0.623376623,0.725490196,0.7,0.916666667,0.636363636,0.62745098,0.669117647,0.844444444,0.692307692,0.707602339,0.661904762,0.972222222,0.751633987,0.649350649,0.791666667,0.75,0.779411765,1,0.672727273,0.575757576,1,0.013971483,0.005338726,0.006526909,0.008680549,0.00184846,0.018369348,0.013398188,0.0801525,0.015062747,0.016547168,0.001048026,0.011548565,0.028295257,0.019647802,0.003883288,0.01030081,0.020417134,0.031968166,0.0002035,0.015198311,0.039425998,0.010144793,0.012683747,0.011844977,0,0.021193305,0.075177735,0
25,0.666666667,0.514285714,0.538461538,0.615384615,0.654545455,0,0.666666667,0.666666667,0.622222222,0.583333333,1,0.75,0.522058824,0.4,0.6,1,0.552380952,0.485714286,0.523809524,0.6,0.552380952,0.714285714,1,0.833333333,1,0.638888889,0.688888889,0.602564103,0.004038616,0.072227832,0.080669839,0.042431063,0.047793668,0.000944919,0.014565257,0.004922444,0.02836587,0.011928843,0,0.017931754,0.072553026,0.048359388,0.006552537,0,0.077113448,0.148937958,0.063633191,0.014734263,0.055764256,0.008333268,0,0.007219431,0,0.020057503,0.040648347,0.033350202
26,0.7,0.844444444,0.803921569,0.77124183,0.637362637,0.615384615,0.631578947,0.62055336,0.742690058,0.719298246,0.416666667,0.904761905,0.562091503,0.653846154,0.833333333,0.60952381,0.803921569,0.714285714,0,0.732026144,1,0.754385965,0.895238095,0.933333333,0.692810458,0.725274725,1,0.714285714,0.001497761,0.001935474,0.010423027,0.013324639,0.025635491,0.01583102,0.037764205,0.064217786,0.016871347,0.030161523,0.026278392,0.000976801,0.055992615,0.023161626,0.000520961,0.030018448,0.009683155,0.022561232,0.001604363,0.042828999,0,0.016056738,0.003709127,0.001824956,0.023823091,0.010707503,0,0.022561232
27,0.583333333,1,0.464052288,0.622222222,0.904761905,1,0.833333333,0.7,0.690909091,0.485714286,0.533333333,0.619047619,0.504761905,0.711111111,0,0.5,0.727272727,0.571428571,1,0.611111111,0.53030303,0.618181818,0.861111111,0.952380952,0.666666667,0.618181818,0.581818182,0.8,0.088103722,0,0.138793898,0.067544469,0.000830959,0,0.002077547,0.010316833,0.014015688,0.106476661,0.037958244,0.040641252,0.089715028,0.02152863,0.001424501,0.024258355,0.013963677,0.070103564,0,0.017661696,0.098548778,0.043959866,0.002791363,0.000356125,0.025295919,0.024641602,0.031211535,0.004988065
28,1,0.666666667,0.692307692,1,1,0.333333333,1,0.666666667,0.772058824,1,0.684210526,0.772058824,0.790849673,0.838235294,0.888888889,0.77124183,0.808333333,0.751633987,0.611111111,0.790849673,0.4,0.934065934,0.866666667,0.808333333,0.833333333,0.942857143,0.77124183,0.621212121,0,0.008932462,0.053790055,0,0,0.153374367,0,0.036773354,0.10913728,0,0.074048013,0.036493272,0.017764272,0.010861333,0.002849217,0.019799876,0.017159839,0.030077231,0.041769697,0.017764272,0.057425774,0.002983539,0.008030351,0.028988085,0.082893334,0.002109799,0.019799876,0.036120569
29,0.266666667,0.266666667,0.2,0.333333333,0.5,0.476190476,0.666666667,0.428571429,0.333333333,0.3,0.4,0.381818182,0.666666667,0.5,0.533333333,0.333333333,0.666666667,0.333333333,1,0.19047619,0.333333333,0.333333333,1,1,0.464285714,0.733333333,0.285714286,0.4,0.078325699,0.066912463,0.09620133,0.053109031,0.014131094,0.050811075,0.001282051,0.095709936,0.013259169,0.027377561,0.11242136,0.156927386,0.000712251,0.016326037,0.042408844,0.016169488,0.004514313,0.020977479,0,0.126086997,0.019705603,0.019289558,0,0,0.083779039,0.009451986,0.207348618,0.039981007
30,1,0,1,0,0.5,0.555555556,0.714285714,1,0.638888889,0.422222222,0.714285714,0.555555556,0.642857143,0.618181818,0,0.545454545,0.5,0.393939394,0,0,0.333333333,0,0.666666667,0,0.666666667,0.611111111,0,0,0,0,0,0.05982906,0.05982906,0.04232352,0.01917198,0,0.020718582,0.116010944,0.005250305,0.050230634,0.017179939,0.031838737,0,0.072936734,0.010016732,0.251677746,0,0,0.113960114,0,0.004273504,0,0.000881834,0.021306471,0,0
31,0.428571429,0.833333333,0.892857143,0.607142857,0.8,0.714285714,0.484848485,0.833333333,0.619047619,0.5,0.594771242,0.692307692,0.692307692,0.861111111,0.705128205,0.588235294,0.692307692,0.653846154,1,0.733333333,0.594771242,0.4,0.535947712,0.8,0.588235294,0.590909091,0.683333333,0.696969697,0.031289698,0.001424501,0.00113179,0.014726837,0.000712251,0.005257089,0.107642634,0.001424501,0.023784754,0.025728787,0.048161693,0.017830302,0.023374557,0.002045177,0.014433401,0.049081566,0.036248833,0.033000306,0,0.005668714,0.044316984,0.022625112,0.080631406,0.004144621,0.057740186,0.033753662,0.02144316,0.030269216
32,0.4,0,0.617647059,0.610294118,0.617647059,0.805555556,0.660130719,0.647058824,0.7,0.583333333,0.6,0.681318681,0.558823529,0.525641026,0.657142857,0.692307692,0.545454545,0.952380952,0.833333333,0.65,0.785714286,0.717948718,0.654545455,0.647058824,0.577777778,0.8,0.659340659,0.657142857,0.075376741,0,0.034738475,0.039757504,0.06382288,0.003027002,0.024116334,0.031286134,0.001424501,0.011089166,0.036434961,0.021489782,0.050170778,0.066355545,0.019956232,0.012901291,0.021493231,0.000356125,0.001012146,0.023871219,0.011356112,0.034104702,0.021208524,0.036438671,0.013103775,0.001408674,0.02668242,0.023569782
33,1,0.4,0,0,0.5,0.5,0.236363636,0.466666667,0,0.166666667,0.285714286,0.333333333,0,0.3,0.833333333,0.333333333,0,0.166666667,0,0.238095238,0.5,1,0.333333333,0,0.266666667,0.2,0.428571429,1,0,0.064531045,0.064167093,0.001994302,0.019783611,0.018930041,0.25981271,0.034644779,0,0.051122556,0.120310886,0.063817664,0.010303894,0.076712793,0.004748338,0.137447081,0.007122507,0.076960211,0,0.169837617,0.031281634,0,0.043995353,0.001741057,0.108140791,0.101652526,0.069403049,0
34,0.6,0.7,0.821428571,0.555555556,0.333333333,0.333333333,0.533333333,0.7,0,0.75,0.666666667,0.642857143,0.474358974,0.472727273,0.4,0.607142857,0.688888889,0.545454545,1,0.466666667,0.666666667,0.357142857,0.464285714,0.666666667,0,0.166666667,0.266666667,0.583333333,0.033170533,0.005792972,0.005044544,0.123387368,0.045276392,0.03757094,0.022802055,0.008633425,0,0.011737934,0.021341519,0.026979605,0.110623062,0.087967414,0.036961784,0.044169719,0.016636924,0.068187123,0,0.014295324,0.002614906,0.136476,0.050647244,0.001329535,0.007450934,0.049955908,0.047590076,0.083071858
35,0.964285714,0.608187135,0.708333333,0.676470588,0.632352941,0.690909091,0.59047619,0.580952381,0.553359684,0.807692308,0.675,0.8,0.743589744,0.861111111,0.604395604,0.714285714,0.620915033,0.594736842,0,0.848484848,0.615384615,1,0.972222222,0.909090909,0.756410256,0.631578947,0.820512821,0.676470588,0.0002035,0.034274769,0.014910912,0.018756455,0.022226479,0.007164596,0.034816714,0.03464713,0.067850479,0.005829027,0.017232132,0.002873804,0.007369,0.001501482,0.017499973,0.011038838,0.03162106,0.04086336,0,0.00364472,0.033201075,0,0.000430516,0.002034879,0.007279408,0.027852026,0.005560962,0.019402173
36,1,0.833333333,0.529411765,0.625,0.666666667,1,0.59047619,0.533333333,0.647619048,0.666666667,0.5,0.380952381,0.651515152,0.8,0.466666667,0.527272727,0.516339869,0.593406593,1,0.454545455,0.636363636,0.563636364,0.628571429,0.861111111,0.622222222,0.75,0.6,0.717948718,0,0.000626154,0.103393057,0.036764574,0.006997798,0,0.08069593,0.008073131,0.030442335,0.034429623,0.01572666,0.07309449,0.021429354,0.000814001,0.029372943,0.057503726,0.076964714,0.061711929,0,0.06053723,0.034392805,0.056637659,0.035408972,0.002278514,0.021092725,0.009479647,0.00525733,0.014367575
37,0.535714286,0.7,0.4,0.476190476,0.388888889,0.318181818,0.381818182,0.409090909,0.666666667,0.19047619,0.535714286,0.535714286,0.8,0.5,0.527777778,0.5,1,0.6,1,0,0.5,0.666666667,0,0,1,0.428571429,0.833333333,0.833333333,0.048115773,0.019766036,0.081196581,0.073835527,0.089107086,0.225903829,0.090110096,0.107439474,0.006790123,0.119168589,0.039080056,0.040404965,0.003405237,0.012852168,0.041443947,0.008452042,0,0.013085063,0,0,0.045099653,0.006043956,0,0,0,0.088683744,0.002120924,0.003137295
38,0.933333333,0.778985507,0.804347826,0.778985507,0.803921569,0.919117647,0.921052632,0.885714286,0.876190476,0.894736842,0.830039526,0.789855072,0.941176471,0.852380952,0.8,0.904761905,0.773684211,0.768115942,0,0.836842105,0.857142857,0.852631579,0.78021978,0.819047619,0.894736842,0.844155844,0.76284585,0.852813853,0.0002035,0.022778036,0.013679,0.022778036,0.01174115,0.002034112,0.002737285,0.004837037,0.005723069,0.003942559,0.010486624,0.02071096,0.001406055,0.007710234,0.003853649,0.000448934,0.015788991,0.022672683,0,0.011066985,0.011679124,0.010372314,0.006902254,0.009866364,0.004493197,0.008098494,0.021423407,0.007523212
39,0.670995671,0.923809524,0.862745098,0.877192982,0.666666667,1,0.649122807,0.666666667,0.74025974,0.74025974,1,1,0.823529412,0.781818182,0.787878788,0.648351648,0.877192982,0.921568627,0.833333333,0.971428571,0.921568627,0.786764706,0.975,0.955882353,0.780952381,0.63,0.921568627,0.877192982,0.070667738,0.002253302,0.018677927,0.00541324,0.026824256,0,0.044769479,0.003145774,0.025676773,0.025676773,0,0,0.011490978,0.00658316,0.008226496,0.03409978,0.00541324,0.00267719,0.000949668,0.000712251,0.00267719,0.033809863,0.000596934,0.001227785,0.01692796,0.102101274,0.00267719,0.00541324
40,0.872727273,0.911111111,0.878787879,0.878787879,0.848484848,0.590643275,0.614285714,0.785714286,0.623809524,0.593073593,0.863636364,0.725146199,0.833333333,0.8,0.772727273,0.758169935,0.75,0.742647059,0,0.772058824,0.712418301,0.779411765,0.933333333,1,0.708333333,0.75,0.766666667,0.727941176,0.002361733,0.001177012,0.005076715,0.004304292,0.003548434,0.079581319,0.052775544,0.008844954,0.059424087,0.066375212,0.003362797,0.02115275,0.000569801,0.00248479,0.006414552,0.013823837,0.023029192,0.026453545,0,0.01411201,0.02928749,0.014396699,0.001943532,0,0.016568411,0.008042809,0.016257462,0.022904526
41,0.833333333,0,0.563636364,0.527272727,0.7,0,0.5,0.666666667,0.535714286,0.761904762,1,0.333333333,0,0,1,0,0.80952381,0.527272727,0,0.333333333,0.722222222,0.509090909,0.666666667,1,1,0.4,0.666666667,0.509090909,0.00079139,0,0.048584543,0.280712703,0.004320988,0,0.016282277,0.018676796,0.063274997,0.011418623,0,0.062678063,0,0,0,0,0.011328178,0.09209967,0.216524217,0.170940171,0.015949894,0.059510243,0.004368471,0,0,0.020069642,0.022007416,0.085589924
42,0.666666667,1,0.666666667,0.857142857,0.7,0.8,0.389705882,0.53030303,0.709090909,0.566666667,0.742424242,0.688888889,0.696969697,0.495238095,0.833333333,0.509090909,0.583333333,0.551282051,0.666666667,0.666666667,0.535714286,0.511111111,0.483333333,0.654545455,0.333333333,0,0.8,0.472727273,0.006776557,0,0.014983576,0.001432895,0.004767763,0.000666001,0.148284055,0.03208304,0.009953078,0.05999789,0.008160941,0.011605644,0.016576051,0.062863988,0.000593542,0.074677586,0.040900869,0.031561957,0.00195021,0.001467668,0.017961257,0.030030977,0.160330513,0.01591005,0.074074074,0,0.002168887,0.050562812
43,1,0.933333333,0.418181818,0.644444444,0.333333333,0,0.577777778,0.581818182,0.533333333,0.5,0.523809524,0.381818182,0.2,0.3,0.4,0.3,0.333333333,0,0.80952381,0.833333333,0.761904762,0.6,0.4,1,0.476190476,0.666666667,0.5,0.666666667,0,0.000569801,0.139167828,0.023729563,0.080307964,0,0.112244032,0.046640499,0.053172959,0.065730566,0.019407342,0.137927813,0.127040655,0.045161217,0.110477999,0.085350246,0.041710758,0.060533499,0.004278027,0.00105039,0.006053,0.033773428,0.119590286,0,0.024717772,0.000474834,0.021288382,0.001424501
44,0.857142857,0.714285714,0.727272727,0.580882353,0.6,1,0.575,0.619047619,0.608333333,0.757575758,0.448529412,0.666666667,0.533333333,0.666666667,0.714285714,0.461538462,0.60952381,0.490909091,0.666666667,0.681318681,0.933333333,0.727272727,0.714285714,0.571428571,0.763636364,0.712121212,0.552380952,0.666666667,0.001967169,0.004963247,0.011674231,0.056068223,0.015213182,0,0.049657576,0.041025313,0.048908088,0.008632468,0.139243176,0.004358296,0.029160204,0.001424501,0.017676689,0.131051692,0.03222436,0.085760567,0.001899335,0.024789286,0.000316556,0.013717076,0.013575159,0.02144553,0.006617251,0.014077897,0.049339253,0.001424501
45,0.653846154,0.769230769,0.509881423,0.536842105,0.525641026,0.661764706,0.637362637,0.658333333,0.711111111,0.75,0.681318681,0.576923077,0.757575758,0.714285714,0.681818182,0.541666667,0.666666667,0.547368421,0.8,0.576923077,0.555555556,1,0.6,0,0.588235294,0.8,0.6,0.535714286,0.01818967,0.00683771,0.076081249,0.057505806,0.023766107,0.021922862,0.016143579,0.018892292,0.007402659,0.003730611,0.016820522,0.025555921,0.007017365,0.004126737,0.008098835,0.042211858,0.003158652,0.044170274,0.000543901,0.022236792,0.044230537,0,0.013360848,0,0.035452485,0.004633021,0.013040128,0.031821147
46,0.628571429,0.428571429,0.533333333,0.466666667,0.628571429,0.714285714,0.490909091,0.59047619,0.692307692,0.745454545,0.545454545,0.8,1,0.466666667,0.777777778,0.666666667,0.5,0.733333333,0.571428571,0.6,0.666666667,0.694444444,0.6,0.416666667,0.8,0.681818182,0.516483516,0.628205128,0.029850667,0.055791809,0.034321543,0.043769974,0.029850667,0.00533676,0.056042213,0.074786504,0.019906289,0.011358679,0.123240403,0.007608553,0,0.083807303,0.005967838,0.011561907,0.045155933,0.005618867,0.012293906,0.005397278,0.017992912,0.019454825,0.0208994,0.091847256,0.003363406,0.030050635,0.075894073,0.036095359
47,0.428571429,0.666666667,0.638888889,0.533333333,0.305555556,0.533333333,0.466666667,0.476190476,0.6,0.466666667,0.5,0.4,0.466666667,0.288888889,0.714285714,0.285714286,0.6,0.472727273,0.533333333,0.476190476,0.380952381,0.5,0.666666667,1,1,0.428571429,0.714285714,0.577777778,0.064605676,0.003392903,0.030317601,0.05882975,0.110229287,0.011430848,0.024509647,0.037529035,0.015694491,0.014783159,0.013609744,0.021571978,0.025953457,0.119422234,0.0157566,0.063769442,0.048100435,0.085203136,0.03829493,0.05706916,0.031883727,0.052965761,0.021429198,0,0,0.053109637,0.015004748,0.051003502
48,0.455882353,0,0.666666667,0.705128205,0.428571429,0.5,0.428571429,0.6,0.588235294,0.606060606,0.580882353,0.514285714,0.5,0.4,0.742424242,0.487179487,0.745454545,0.6,0.571428571,0.65,0.733333333,0.581818182,0.681318681,0.717948718,0.436363636,0.535714286,0.676190476,0.743589744,0.088620378,0.001252923,0.007424859,0.013845949,0.017080827,0.016444912,0.041008176,0.003752608,0.044306709,0.031537474,0.041952498,0.050456384,0.00388751,0.012017367,0.010531004,0.06138047,0.00921697,0.022019389,0.012612901,0.029195834,0.04344518,0.032087518,0.016715781,0.01315184,0.043278539,0.018059784,0.023112293,0.012401645
50,0.4,0.619047619,0.912087912,0.728571429,0.871794872,0.866666667,0.666666667,0.588235294,0.778947368,1,0.685714286,0.797385621,0.830882353,0.725146199,0.683982684,0.816993464,0.876190476,0.830065359,1,0.333333333,0.691666667,0.666666667,0.801169591,0.791666667,0.673684211,0.789473684,0.860294118,0.818181818,0.013408466,0.007169631,0.002933704,0.025734846,0.002696204,0.001496889,0.028387828,0.066244922,0.014323007,0,0.040113428,0.01034102,0.008542613,0.040566793,0.061654893,0.010154459,0.004148487,0.008515768,0,0.002978503,0.088426562,0.001801933,0.011337669,0.027074243,0.060808268,0.011634511,0.006258066,0.007349852
52,0.166666667,0.422222222,0.333333333,0.5,0.666666667,0.333333333,0.384615385,0.488888889,0.318181818,0.6,0.666666667,0.5,0.436363636,0.523809524,0.377777778,0,0.464285714,0.833333333,0.4,0.5,0.5,0,0.285714286,0,0.166666667,0.5,0.6,1,0.028092175,0.097969726,0.096703811,0.011314611,0.020332137,0.068800233,0.130402211,0.054834466,0.145137065,0.01285443,0.003582837,0.014542351,0.078650876,0.024433899,0.132766205,0,0.036543087,0.001424501,0.019628931,0.010299371,0.015592843,0.00462963,0.103735462,0,0.008072175,0.034396262,0.021898883,0
53,0.733333333,0.80952381,0.484848485,0.688888889,0.333333333,0,0.636363636,0.636363636,0.4,0.666666667,0.533333333,0.357142857,0.388888889,0.361111111,0.4,0.4,0.523809524,0.476190476,0.722222222,0.9,0.583333333,0.722222222,0.476190476,0.833333333,0.333333333,0.571428571,0.666666667,1,0.018972993,0.003777567,0.121956824,0.021099862,0.074074074,0,0.041969613,0.028386532,0.09864927,0.000915751,0.030130564,0.14903113,0.097451744,0.153978409,0.0495079,0.124821048,0.073324239,0.10124696,0.013063374,0.002245052,0.085212086,0.013257224,0.058031303,0.000971251,0.041681941,0.021931801,0.007359924,0
54,0.821428571,0.727272727,0.591666667,0.648351648,0.583333333,0.642857143,0.618181818,0.4,0.672727273,0.637362637,0.485714286,0.525641026,0.520467836,0.636363636,0.560606061,0.638095238,1,0.549019608,1,0.593406593,0.666666667,0.483660131,0.709090909,0.571428571,0.527777778,0.583333333,0.651515152,0.6,0.003280829,0.012894877,0.035649022,0.022183783,0.011498995,0.004859964,0.022060935,0.010290177,0.015183892,0.022582879,0.046802308,0.03047336,0.061812747,0.020342472,0.035251537,0.020902563,0,0.051264859,0,0.021623447,0.001003785,0.111742494,0.008603957,0.016345589,0.015633338,0.011323142,0.026246247,0.043903487
55,0.535714286,0.607142857,0.666666667,0.618181818,0.509090909,0,0.622222222,0.571428571,0.611111111,0.441666667,0.472222222,0.416666667,0.472222222,0.761904762,1,0.474358974,0.622222222,0.761904762,0.5,0.666666667,0.5,0.6,0.4,0.333333333,0.466666667,0.454545455,0.4,0.371428571,0.013250124,0.008032637,0.02119322,0.022911372,0.058461195,0.000902184,0.014737692,0.042174053,0.029945045,0.109007521,0.025718038,0.050437719,0.04820476,0.004184016,0,0.05908949,0.030986539,0.00379867,0.006884062,0.005843848,0.040711346,0.00238304,0.03658615,0.002849003,0.019750266,0.04992607,0.1028892,0.143558692
56,1,0.5,0.756410256,0.694444444,0.3,0,1,0.4,0.818181818,0.709090909,0,0,0,0.166666667,1,0.5,0.772727273,0.580952381,0.711111111,0.666666667,0.833333333,0,0.727272727,0.803030303,0.696969697,0.488888889,0.733333333,0.636363636,0,0.070330801,0.018096101,0.016546828,0.081431377,0.006995885,0,0.065625527,0.010936286,0.069951653,0,0,0,0.075068964,0,0.018134129,0.01561566,0.1317652,0.031183015,0.000356125,0.004184293,0,0.024728769,0.007332893,0.048214388,0.13793511,0.025277963,0.054818946
57,0.533333333,1,0.6,0.285714286,0.32967033,0.666666667,0.583333333,0.472727273,0.666666667,0.523809524,1,0.41025641,0.833333333,0.377777778,0.416666667,1,1,0.555555556,1,0.4,0.666666667,0.571428571,0.666666667,0.666666667,1,0.8,0.7,0.428571429,0.018836634,0,0.02668566,0.168041874,0.226858435,0.002136752,0.07878294,0.132770654,0.01004303,0.072794892,0,0.106947935,0.001068376,0.128714616,0.057406286,0,0,0.080330356,0,0.07101444,0.014484914,0.032083645,0.004310639,0.004310639,0,0.018238506,0.0055239,0.066250204
58,0.504761905,0.647058824,0.466666667,0.727272727,0.666666667,0.333333333,0.657142857,0.464285714,0.711111111,0.644444444,0,0.333333333,0.709090909,0.659340659,0.577777778,0.67032967,0.636363636,0.584795322,0.333333333,0.571428571,0.666666667,0.333333333,0.551282051,0.591666667,0.621212121,0.725274725,0.727272727,0,0.133864039,0.02809125,0.05111699,0.019068277,0.006948607,0.002258852,0.027921422,0.079806305,0.005965774,0.008014342,0.004273504,0.030192647,0.013808619,0.030676525,0.017630107,0.015682734,0.015168679,0.066786569,0.006647673,0.095919101,0.000949668,0.007013974,0.07371598,0.053048115,0.039341333,0.014716765,0.00860545,0.000316556
59,0.755555556,0.526315789,0.690909091,0.666666667,0.709090909,1,0.733333333,0.709090909,0.507352941,0.607142857,0.53030303,0.516666667,0.571428571,0.666666667,0.80952381,0.558823529,0.904761905,0.727272727,0,0.496732026,0.642857143,0.583333333,0.545454545,0.733333333,0.653846154,0.637362637,0.928571429,0.542857143,0.007089729,0.069373188,0.01666182,0.0185776,0.018707195,0,0.008351256,0.013903847,0.059408509,0.011670737,0.04167394,0.078578836,0.008102557,0.001085334,0.002979736,0.045111125,0.001033155,0.009240925,0,0.067728765,0.007898939,0.014384855,0.040405416,0.003386974,0.016184978,0.023022364,0.001053078,0.041165767
60,0.971428571,1,0.921052632,0.80952381,0.6,0.852380952,0.861904762,0.563636364,0.763157895,0.861904762,0.852380952,0.865497076,0,0.876190476,0.973856209,0.973856209,0.921052632,0.921052632,0.8,1,0.921052632,0.861904762,0.967320261,0.967320261,0.619047619,0.748538012,0.861904762,0.947368421,0.000641808,0,0.00374082,0.043196745,0.074252137,0.026532842,0.019629313,0.105056091,0.086179217,0.019629313,0.026532842,0.021494887,0,0.012415825,0.000865493,0.000865493,0.00374082,0.00374082,0.007827563,0,0.00374082,0.019629313,0.001420739,0.001420739,0.035641313,0.072430513,0.019629313,0.002280836
61,1,0.535714286,0.978021978,0.978021978,0.133333333,1,0.5,0.5,0.978021978,0.978021978,0.857142857,0.857142857,0.666666667,0.978021978,0.978021978,0.978021978,0.978021978,0.978021978,0.666666667,0.978021978,0.647619048,0.285714286,0.1,0.5,0.5,0.333333333,1,0.978021978,0,0.044270339,0.001438851,0.001438851,0.07191358,0,0.004273504,0.005104463,0.001438851,0.001438851,0.094432008,0.042089538,0.012029123,0.001438851,0.001438851,0.001438851,0.001438851,0.001438851,0.03192466,0.001438851,0.332161685,0.240559286,0.171760216,0.113136503,0.003323837,0.056510137,0,0.001438851
62,0,0.5,0.758241758,0.833333333,0.380952381,0.333333333,0.380952381,0.7,0.8,0.769230769,0,0.523809524,0,0,0.666666667,0.333333333,0.730769231,0.794871795,0,0.928571429,0.576923077,0.727272727,0.833333333,0.807692308,0.8,0.577777778,0.722222222,0.758241758,0,0.071225071,0.022210442,0.005577906,0.106600395,0.04294101,0.121140137,0.019278253,0.017188842,0.030632734,0.062616586,0.094009457,0,0.074074074,0.009021842,0.085151695,0.037323281,0.013146074,0,0.000723556,0.122967085,0.039447123,0.005577906,0.008147574,0.017188842,0.149203432,0.038920458,0.022210442
63,0.333333333,0.6,0.578947368,0.617647059,0.75,0.688888889,0.666666667,0.688888889,0.723809524,0.742424242,0.714285714,0.787878788,0.564102564,0,0.683333333,0.653846154,0.916666667,0.573099415,0.60952381,0.5,0.679487179,0.5,0.619047619,0.712121212,0.7,0.733333333,0.861111111,0.596491228,0.004447713,0.015764427,0.061523426,0.03939141,0.003868539,0.020668668,0.004320988,0.008517868,0.019569055,0.011540068,0.010008256,0.009010104,0.087567997,0,0.017604205,0.02360566,0.002237556,0.072499292,0.03327881,0.006301126,0.02372084,0.002469136,0.036173572,0.015210162,0.025108336,0.015596951,0.001839416,0.052088045
64,0.831168831,1,0.796923077,0.845849802,0.921052632,0.947368421,0.781538462,0.861660079,0.806666667,0.83,0.916996047,0.916996047,0.848484848,0.904761905,0.924242424,0.83982684,0.871428571,0.846666667,0.842105263,0.862318841,0.952631579,0.9004329,0.889328063,0.96969697,1,0.873517787,0.855072464,0.796923077,0.012361677,0,0.020796722,0.008787029,0.003325157,0.001396353,0.02842428,0.010496734,0.018748649,0.015492972,0.003435277,0.003435277,0.011286503,0.004041896,0.000841666,0.012331703,0.006325483,0.010207928,0.009443643,0.011344652,0.001390166,0.004758221,0.005635916,0.000300728,0,0.01071553,0.008893359,0.020796722
66,0.6,0,0.727272727,0.709090909,0,0.166666667,0,0.3,0.651515152,0.6,0.3,0.333333333,0.285714286,0,0,0,0.56043956,0.681818182,0.6,0.611111111,0.564102564,0,0.653846154,1,0.644444444,0.611111111,0.727272727,0.822222222,0.039214489,0.002294002,0.03031855,0.030844361,0,0.049556822,0.077049699,0.073944574,0.058781856,0.016053391,0.065838277,0.146723647,0.15887302,0.036487792,0.074074074,0,0.098409204,0.029666219,0.052154019,0.059051648,0.122594586,0.017348701,0.048483615,0,0.062767068,0.038394116,0.021390338,0.011338353
67,0.533333333,0.5,0.507352941,0.618181818,0,0.4,0.651515152,0.745454545,0.491666667,0.785714286,1,0.333333333,0.7,0.392857143,0.833333333,0.380952381,0.615384615,0.604395604,0,0.4,0.461538462,0.781818182,0.642857143,0.488888889,0.535714286,0.454545455,0.333333333,0.561904762,0.008924717,0.00379867,0.082244604,0.017047803,0,0.011955637,0.024037086,0.017378319,0.094668937,0.003691833,0,0.045306596,0.004099399,0.032087312,0.001153168,0.047382657,0.038340198,0.031030664,0,0.009695158,0.135111625,0.007294884,0.009343985,0.030418252,0.03163861,0.060375704,0.002801519,0.059289472
68,0,0.5,0.888888889,0.651515152,0,0.672727273,0.633333333,0.666666667,0.654411765,0.166666667,0.67032967,0.561904762,0.758241758,0.649122807,0.714285714,0.711111111,0.681318681,0.669117647,0,0.703296703,0.756410256,0,0.736263736,0.705882353,0.927272727,0.848484848,0.685714286,0.611111111,0,0.068376068,0.001396238,0.04817905,0,0.010626305,0.068939942,0.023748474,0.021695486,0.069262425,0.041599139,0.103234452,0.00903109,0.026636975,0.004232804,0.007197878,0.015513122,0.021640291,0,0.013594119,0.010806167,0,0.012604128,0.01654035,0.001211509,0.004236399,0.016598282,0.021275946
69,1,0,0.466666667,0.393939394,0,0.5,0.5,0,0.714285714,0.333333333,0.323529412,0.515151515,1,0.515151515,0.490909091,0.4,1,0.9,0.6,0.666666667,0.7,0,0.466666667,0.333333333,0.533333333,0.5,0.583333333,0.8,0,0,0.088558766,0.117341609,0.004348121,0.009009406,0.005698006,0,0.021087143,0.011383575,0.226858635,0.047955954,0,0.06458192,0.058825125,0.019620811,0,0.001068376,0.015440013,0.001305793,0.003730837,0,0.022688012,0.009615385,0.062968616,0.036585945,0.03761136,0.002662461
70,1,1,0.77124183,0.676470588,0.758333333,0.868131868,0.657142857,0.861111111,0.803921569,0.777777778,0.742105263,0.745098039,1,0.666666667,0.824561404,0.830065359,0.631578947,0.69005848,1,0.7,0.727941176,1,0.81871345,0.763157895,0.760233918,0.752380952,0.843137255,0.858333333,0,0,0.039228205,0.146089419,0.011434928,0.002748695,0.02300714,0.001372878,0.010614463,0.014152941,0.050114892,0.038605514,0,0.011816613,0.009259123,0.006105661,0.07800123,0.030834633,0,0.017117711,0.013328334,0,0.009932081,0.018441884,0.017592291,0.011424218,0.007673823,0.006601898
71,0.571428571,1,0.5,0.5,0.607142857,0.642857143,0.666666667,0.6,0.583333333,0.472222222,1,0.3,0.722222222,0.527777778,0.527272727,0.666666667,0.472222222,0.535714286,0.5,0.3,0.475,0.333333333,0.384615385,0.733333333,0,0.581818182,0.533333333,0.2,0.023651657,0,0.057091982,0.022903948,0.024563811,0.013947781,0.016115263,0.027416205,0.034917243,0.137667888,0,0.025776692,0.010983461,0.068006376,0.052925264,0.000474834,0.052339122,0.042585809,0.011192511,0.094376611,0.094919587,0.038583639,0.192359801,0.005535206,0.004368471,0.02770203,0.038164202,0.038125763
72,0,0,0.791208791,0.813186813,0.4,1,0.577777778,0.6,0.846153846,0.909090909,0,0,0.333333333,1,0.2,0.666666667,0.704761905,0.813186813,0.666666667,0.577777778,0.657142857,0.769230769,0.944444444,0.871794872,0.666666667,0.761904762,0.636363636,0.78021978,0.010732672,0,0.020160252,0.015858278,0.14505614,0,0.095030792,0.027218152,0.011479148,0.003181387,0.106276677,0,0.106505481,0,0.066937588,0.011477411,0.089932352,0.016502695,0.017078919,0.111508256,0.107026174,0.020419425,0.001151112,0.005640101,0.086480453,0.027076998,0.078694944,0.020853797
73,0.714285714,0.560606061,0.666666667,0.80952381,0.888888889,0.571428571,0,0.333333333,0.725,0.736263736,0.741666667,0.733333333,0.8,0.780952381,0.712121212,0.6,0.769230769,0.633986928,0.3,0.666666667,0.717948718,0.466666667,0.464285714,0.666666667,0.945454545,0.871794872,0.526315789,0.563636364,0.004837581,0.023306708,0.029773571,0.003215324,0.002098345,0.041312289,0.013141857,0.012275089,0.040603853,0.028741766,0.01339933,0.019651871,0.008349593,0.015415675,0.0132185,0.071469526,0.008371816,0.060128904,0.045821923,0.00216189,0.025883605,0.07954268,0.050478075,0.001831502,0.000854701,0.003340838,0.123409807,0.052235177
74,0.367647059,0.857142857,0.642857143,0.535714286,0.7,0.4,0.666666667,0.694444444,0.571428571,0.5,0.4,0.333333333,0.833333333,0.444444444,0.583333333,0.406593407,0.619047619,0.527272727,1,0.333333333,0.952380952,0.6,1,1,0.7,0,0.307692308,0.428571429,0.197805499,0.003500986,0.016934803,0.024420805,0.003860943,0.011734265,0.009734093,0.021519254,0.014269321,0.036718046,0.041173831,0.054348147,0.001399064,0.049734363,0.040949692,0.14337063,0.01202653,0.034133705,0,0.039823337,0.000474834,0.021648355,0,0,0.004498588,0,0.173560728,0.045209183
75,1,0.638095238,1,0.780952381,0.666666667,0.77124183,0.622222222,0.660130719,0.838235294,0.984848485,0.838235294,0.838235294,0.9,0.904761905,0.714285714,1,0.705882353,0.614285714,1,0,1,0.761904762,1,0.707602339,0.791666667,0.866666667,0.8,0.614035088,0,0.063517079,0,0.017049578,0.053682371,0.020281664,0.034711774,0.044264709,0.009512473,0.0002035,0.009227307,0.009227307,0.003999613,0.003576958,0.004797282,0,0.040673669,0.094222477,0,0,0,0.006528965,0,0.063314187,0.01355849,0.006048943,0.003903238,0.073196992
76,0.5,0.8,0.533333333,0.3,0.6,0,0.666666667,0.666666667,0.4,0.285714286,0.333333333,0.333333333,0,0,0.4,0.333333333,0.392857143,0.533333333,0.333333333,1,1,0.4,0.4,0.7,0,0.6,0.7,0.3,0.292291386,0.050900228,0.031545401,0.017939326,0.05100863,0.117965024,0.074161866,0.074161866,0.312234406,0.235595316,0.136198642,0.030807322,0,0,0.128210998,0.071225071,0.15784689,0.057891503,0.029941924,0,0,0.084072978,0.056240412,0.01043082,0,0.071225071,0.01043082,0.060067259
77,0.756410256,0,0.882352941,0.795321637,1,1,0.777777778,1,0.843137255,0.882352941,1,1,0.961538462,1,0,0,0.933333333,0.9,0.79047619,0.852941176,0.808333333,0.790849673,0.908333333,0.908333333,0.771929825,0.771929825,0.843137255,0.882352941,0.020465337,0,0.00559317,0.018357908,0,0,0.011237733,0,0.00983841,0.005694166,0,0,0.000997151,0,0,0,0.002176322,0.004474469,0.028953383,0.007931915,0.011624384,0.016455181,0.003396018,0.003396018,0.020926533,0.020926533,0.00983841,0.005694166
78,0.673684211,0.666666667,0.777777778,0.75,0.333333333,0.666666667,0.641025641,0.636363636,0.775,0.7,0.666666667,0.636842105,0.476190476,0.333333333,0.6,0.688888889,0.715789474,0.748538012,0.666666667,0.666666667,0.801470588,0.808823529,0.727941176,0.707602339,0.604395604,0.805555556,0.732026144,0.895238095,0.04480788,0.048066969,0.014335697,0.014537936,0.005904247,0.008888884,0.02848272,0.02446096,0.01701957,0.000931681,0.060476147,0.047277885,0.012013443,0.00079139,0.004140878,0.009654226,0.026276143,0.018313372,0.005971692,0.027998841,0.010041347,0.009446729,0.024610108,0.031448492,0.044583564,0.004624794,0.038561437,0.003227551
79,0.714285714,0.6,0.714285714,0.472222222,0.5,0.571428571,0.3,0,0.436363636,0.333333333,0.384615385,0.511111111,0.642857143,0.8,0.666666667,0.714285714,0.571428571,0.555555556,0.333333333,0,0.384615385,0.5,0.428571429,0.422222222,0.428571429,0.80952381,0.5,0.428571429,0.006130144,0.008977679,0.011956348,0.055316663,0.027324048,0.033905182,0.053288065,0.003165559,0.098922136,0.031291548,0.160545347,0.046654193,0.023956177,0.007067719,0.012208017,0.0147529,0.022282134,0.04095333,0.010731244,0.005365622,0.122646035,0.012224333,0.039201001,0.071593506,0.034007769,0.002717858,0.042865212,0.0683263
80,0.464285714,0.619047619,0.545454545,0.53030303,0.361111111,0,0.571428571,0.571428571,0.678571429,0.563636364,0.285714286,0.6,0,0.333333333,0.5,0.2,0.527272727,1,0.666666667,0.666666667,0.5,0.4,0.785714286,0.75,0.5,0.8,0.590909091,0.654545455,0.061095449,0.019973505,0.035785163,0.100169892,0.125233725,0,0.033401602,0.03095144,0.010439663,0.08838217,0.122195294,0.026764625,0,0.005050979,0.017522862,0.133941344,0.081549939,0,0.010297213,0.010224755,0.016270007,0.093099675,0.004898702,0.011457061,0.017488494,0.002788735,0.060832085,0.025484764
81,0,0,0.614035088,0.571428571,0.755555556,0.666666667,0.742857143,0.7,0.846153846,0.696969697,0.333333333,0.472727273,0.166666667,0,0.6,0.2,0.647058824,0.669117647,0,0.813186813,0.871794872,0.785714286,0.939393939,0.639705882,0.766666667,0.742424242,0.939393939,0.868131868,0.088487747,0.01994302,0.068874423,0.110573614,0.010543398,0.01367213,0.023656543,0.015843511,0.004702191,0.019370342,0.01460114,0.099532321,0.075502892,0.005606431,0.012159137,0.139971243,0.047625752,0.03716094,0,0.006808315,0.003949137,0.006538444,0.001177012,0.107852594,0.019885702,0.050197879,0.001177012,0.005983143
82,0.857142857,0.75,0.823529412,0.823529412,0.691666667,0.75,0.563636364,0.733333333,0.666666667,0.7,0.712418301,0.764705882,0.69005848,0.714285714,0.730769231,0.720588235,0.823529412,0.748538012,0.666666667,0,0.75,0.666666667,1,0.96969697,0.631578947,0.65497076,0.935897436,0.866666667,0.001759789,0.003885989,0.009217301,0.009217301,0.018242678,0.004331032,0.032369618,0.006689051,0.040370313,0.032249577,0.026653246,0.014391807,0.034278786,0.012163172,0.009736452,0.022791201,0.009217301,0.020287452,0.000569801,0,0.033984118,0.035658325,0,0.000637634,0.038310306,0.034632682,0.001753131,0.005291397
83,0.978354978,0.978354978,0.978354978,0.978354978,0.901185771,0.901185771,1,0.978354978,0.978354978,1,0.5,1,0.829710145,0.901185771,0.333333333,0.978354978,0.978354978,0.978354978,0,0.897233202,0.978354978,1,0.333333333,0.4,0.978354978,0.978354978,0.917748918,0.841897233,0.00099622,0.00099622,0.00099622,0.00099622,0.019277322,0.019277322,0,0.00099622,0.00099622,0,0.002492877,0,0.07388321,0.022047185,0.045109212,0.00099622,0.00099622,0.00099622,0.003205128,0.050972478,0.00099622,0,0.026471985,0.010842039,0.00099622,0.00099622,0.018043685,0.095283318
84,0,0,0.918128655,0.947712418,0.5,0.814285714,0.69047619,0.833333333,0.814285714,0.912087912,0.831578947,0.83625731,0.666666667,0.666666667,0.771428571,0.673684211,0.868421053,0.814285714,0.719047619,0.947712418,0.918128655,1,0.983333333,0.963235294,0.651515152,0.785714286,0.918128655,0.918128655,0,0,0.003670854,0.00188414,0.075498575,0.015577643,0.106920121,0.004083571,0.015577643,0.002551068,0.013608562,0.012216281,0.002432841,0.002116402,0.059986144,0.102397504,0.007709086,0.015577643,0.086344173,0.00188414,0.003670854,0,0.000623352,0.001292096,0.026128009,0.009255166,0.003670854,0.003670854
85,0.833333333,0.533333333,0.666666667,0.642857143,0.288888889,0.555555556,0.666666667,1,0.666666667,0.607142857,0.563636364,0.39047619,0.388888889,1,0.571428571,0.484848485,0.666666667,0.472727273,0.333333333,1,0.166666667,0.555555556,0.5,0.733333333,0.428571429,0.622222222,0.3,0.523809524,0.001230251,0.029533943,0.007982687,0.013490996,0.156230909,0.036251332,0.003640393,0,0.010578405,0.011386967,0.038617792,0.201743587,0.069327207,0,0.00861032,0.077935566,0.002611586,0.053651413,0.002991453,0,0.034584891,0.040162718,0.075643445,0.004057671,0.034313732,0.018174007,0.143162393,0.046593459
86,1,0.333333333,0.417582418,0.563636364,0.472222222,0.5,0.8,0.733333333,0.358974359,0.464285714,0.866666667,0.714285714,0.5,0.392857143,0.3,0.333333333,0.6,0.483516484,0.678571429,0.607142857,0.535714286,0.416666667,1,0.9,0.5,0.6,0.666666667,0.428571429,0,0.099542577,0.109073021,0.053575562,0.055668858,0.005582689,0.007094808,0.010948876,0.138730047,0.02819704,0.002540361,0.013311277,0.055215125,0.034034381,0.015176696,0.007661885,0.041696537,0.119455477,0.01752638,0.012117847,0.04124777,0.09030143,0,0.000712251,0.007510288,0.003820254,0.023800012,0.04534459
87,0.641025641,0.8,0.723809524,0.610294118,0.777777778,0.714285714,0.616666667,0.636363636,0.8,0.691666667,0.8,0.648351648,0.576190476,0.602339181,0.781818182,0.621212121,0.703296703,0.604395604,0.727272727,0.561403509,0.642857143,0.678571429,0.666666667,0,0.666666667,0.669117647,0.596491228,0.711111111,0.019352678,0.001181432,0.023825018,0.050960773,0.003721793,0.004204891,0.032763939,0.011081001,0.003580057,0.020220307,0.001573128,0.025679008,0.053229381,0.038090076,0.004824839,0.02148094,0.021318563,0.043904657,0.009183388,0.069125517,0.007702762,0.013315023,0.00096044,0,0.012744682,0.02359844,0.042584957,0.006743878
88,0.607843137,0.75,0.723809524,0.7,0.805555556,0.475,0.610294118,0.666666667,0.916666667,0.647058824,0.681818182,0.653846154,0.666666667,0.6,0.805555556,0.6,0.549450549,0.607843137,0,0.67032967,0.651515152,0.7,0.8,0.820512821,0.428571429,0.333333333,0.80952381,0.602564103,0.043819456,0.009462534,0.013951517,0.017788048,0.003336099,0.072768928,0.041819398,0.033062595,0.001115859,0.028837377,0.012125194,0.017162928,0.002813091,0.036561024,0.003120336,0.026813713,0.03559869,0.03528852,0,0.020250048,0.020087688,0.002607596,0.006016218,0.005659254,0.014536819,0.0177312,0.001432415,0.037487016
89,0.691176471,0.761904762,0.852941176,0.823529412,0.533333333,1,0.681318681,0.722222222,0.823529412,0.852941176,1,1,0,0,0.571428571,0.571428571,0.895238095,0.895238095,0.784313725,0.808823529,0.852941176,0.857142857,1,0.85,0.67032967,0.657894737,0.875,0.945054945,0.065122154,0.02355624,0.006065971,0.008917707,0.089324419,0,0.040105322,0.011250354,0.008917707,0.006065971,0,0,0,0,0.037674671,0.053861117,0.003038897,0.003038897,0.015288905,0.011194156,0.006058922,0.004210707,0,0.006396811,0.036633839,0.115726615,0.004618653,0.001336524
90,1,0.5,0.581818182,0.6,0.333333333,0.490909091,0.454545455,0.644444444,0.688888889,0.644444444,0.254545455,0.416666667,0.4,0,0.333333333,0.333333333,0.438095238,0.571428571,0.666666667,1,0.7,0.466666667,0.5,0.4,0.472222222,0.5,0.380952381,0.476190476,0,0.059128834,0.02911159,0.02799573,0.027583765,0.040558848,0.049139599,0.016204577,0.011953028,0.015257582,0.141615997,0.051028561,0.034520418,0,0.016195225,0.031081264,0.131372118,0.015534979,0.007929725,0,0.002585686,0.008789904,0.026899335,0.019871795,0.066437772,0.003667012,0.0626598,0.01740677