0,1,2,3,4,5,6,7,8,9,10,11,12,13,14,15,16,17,18,19,20,21,22,23,24,25,26,27,module0_mean,module1_mean,module2_mean,module3_mean,module4_mean,module5_mean,module6_mean,module7_mean
0.9264705047628162,0.5494876697132576,0.9520674421455231,0.9427090650324029,0.939044822985487,0.946669027046776,0.9158534828526883,0.9400397315712619,0.9468535312769801,0.936701658083909,0.9316919398685044,0.9410030966913827,-0.3125431689246545,0.9458602285630565,0.949632360579311,0.9397966245813101,0.9549888721426407,0.9520457017930972,0.9318583289218174,0.8573872533431232,0.7856361993248815,-0.6483338744269258,0.9289468111720538,0.8070918188650267,0.9442210359021626,0.9254861506448624,0.9358662032459221,0.9426801545809892,0.832962847225006,0.950452770278416,0.9428246027153694,0.6905362246490131,0.9383155939769785,0.9169479850229629,0.06865116244897784,0.8680193150185402
0.8953287072287631,0.9341331839648294,0.9540186401853593,0.948005135657732,0.9482121182739305,0.7699331888201166,0.9481346299917716,0.9246981221321924,0.942649703503492,0.9362428593114074,0.9541180420849182,0.9489638933740348,0.9425342320532408,0.9397845742223804,0.9123685963353922,0.730136932837197,0.9490666197965921,0.9490247788010546,0.9297576013304141,0.9335219221890997,0.31968651463234643,0.874408057652098,0.9432464489192863,0.9428923587890872,0.8887963886858674,0.9130073244208198,0.9466529204397465,0.9527855017351242,0.9255736608293892,0.9500287936101846,0.8635725491488399,0.9110667861109383,0.9201740689803967,0.9406794864235961,0.5970472861422222,0.9430694038541867
0.9040114408210401,0.8294184546194192,0.9511921341520768,0.9501930776158674,0.9354442897650327,0.9451393587469439,0.9504957885972879,0.5565594796583699,0.948717840405151,0.9413656394197446,0.9428114048426677,0.9408518110830986,0.9386487627494355,0.9477421962980619,0.9148049681732674,0.933051656270876,0.9494233767179502,0.9510023898017009,0.9395219752709905,0.9371304674164667,0.9325318643731486,0.3648721545367083,0.9424418304304729,0.9445291765910856,0.8631510313593095,0.5177126398295037,0.9408288752795042,0.9405740059436902,0.8101212909240293,0.9504527445718989,0.9277669714030586,0.9430387067440416,0.8177367877534272,0.9395138309776628,0.6487020094549285,0.9434855035107792
0.7973861973056454,0.7215691372613467,0.947036721089381,0.9454665715074673,0.9490422269927309,0.928696063646345,0.9123457178346337,0.9143287187520313,0.9388279485893856,0.9434452821477068,0.9434646697721364,0.9444573621644368,0.9422390056958283,0.939850910509441,0.9351722952834107,0.9499344078154538,0.9523394525325086,0.9520194554548412,0.9189309952281319,0.8742226085218557,-0.5802777818074336,-1.9125200000853346,0.8508165362558553,0.8852955415933005,0.9037400683418015,0.9310586489455552,0.9196480298566958,0.9189555307243523,0.8364074427884143,0.9492155501460495,0.9447163100305317,0.9397416023576376,0.9292679870061122,0.907939291082759,-1.2463988909463841,0.8680560389245779
0.938386608918689,0.8090288839375397,0.9564881554578085,0.9526260044163661,0.9555735071305981,0.9448032026746424,0.9038114634510575,-2.128854376659337,0.947720273470764,0.9464752314068833,0.9434985840325598,0.9532794637547463,0.9412394938567974,0.9505591628977395,0.9447377395355627,0.9515884986384197,0.9516926639035872,0.9494031740959064,0.9489533814855474,0.9550907953062626,-2.5614832065407867,0.9461807763005049,0.9434731098895531,0.9515096981819062,0.9520428390333181,0.9374394202292172,0.9541906835306575,0.9554113770535306,0.13059314491198726,0.952552499468417,0.9506332484348601,0.9466759814432972,0.9459194410350457,0.9534115593439996,-0.8076512151201409,0.9474914040357296
0.950260408649412,0.9067273269177166,0.9541418593352256,0.9493481721431205,0.9551215668062621,0.9427780797743529,0.9487506753884847,0.9078355082430369,0.9492915389629786,0.9531727257275571,0.9197427495408081,0.9366844224555959,0.9264696381053681,0.932231697924108,0.9444422170208989,0.9377651787736481,0.9285509488930571,0.9545426737205919,0.8167995896485203,0.9388183822906176,0.9393854393291787,0.08036315722894616,0.9383293631893499,0.9385705495949921,0.9521574694178834,0.9550476386434695,0.9437825142096703,0.9486637256799085,0.9283934797996626,0.9466459135229988,0.9457763208669364,0.9315813175600466,0.9524173431879722,0.9120160529571791,0.5098742982790625,0.938449956392171
0.819639485887699,0.9039606797994004,0.9549896609929436,0.9467867884851099,0.9576485529887367,0.9527165830640081,0.9436677591807028,0.9297483241530503,0.939672376706143,0.9517122799605103,0.9554187858147716,0.9521573053217248,0.9566724168314846,0.9521860728909566,0.9450304929084686,0.9341871069565758,0.9506541397610346,0.9527774667069411,0.9234846366639116,0.9497865132714659,0.6211101578398761,0.7946998618039227,0.9268501858015676,0.9560716759484684,0.9474622379711074,0.945785549611893,0.9454860645797092,0.9491534436606849,0.8992540622552131,0.9513020139865072,0.9456220509512604,0.9538302327845891,0.9461581110624135,0.9419776645439428,0.7079050098218994,0.941460930875018
0.9328299862518528,0.9248602375617604,0.8694263645794964,0.9483002313668697,0.9009439179674723,0.7894712461955039,0.9428115152749561,0.9337323472031974,0.9382199731962094,0.9213243748882148,0.9370204301003142,0.9432673097481425,0.9258957337318594,0.9467724718526584,0.951096016619561,0.9486784752682955,0.9391288659269141,0.9513134390702052,0.9352665935022781,0.9494137901770312,-1.5242851349796833,-6.33515863754429,0.9206407882785504,0.9455253851787884,0.9477090052063035,0.9441016447639897,0.8478574387058132,0.9264815687231024,0.9335585215729417,0.9270422252358712,0.9335728032851097,0.9084854383256957,0.9378387495136793,0.9147548477770562,-3.9297218862619867,0.9330830867286695
0.634761802673897,0.6580071823027862,0.9216799103857429,0.9503185459133998,0.9186047125701062,0.9112731432825797,0.8918955308451427,0.9344535093896862,0.9054350537511053,0.9091496486650779,0.9320314406119641,0.9026360452406981,0.9078338754689234,0.9327219096519802,0.9344977162156283,0.9309107374672336,0.8097004541246317,0.9122993951731673,0.9106480880552832,-1.4866787698348043,0.6737236895897992,-0.5565153066331772,0.9061399109568123,-0.6872098993251057,0.884225605584827,0.9194752793661516,0.9339641795047399,0.4829973099692083,0.7797795063028781,0.8984995763992354,0.9280043887509893,0.9172992828512291,0.9045713968417906,0.21023270192360677,0.05860419147831103,0.10946500581585333
0.9335630094884384,0.8207711957531945,0.9225537646394513,0.8185903025721191,0.3098719281911121,0.8980834646090743,0.8783085268077474,0.8872443296284946,0.6832121982982402,0.7660471125836377,0.9132965927546914,0.8875015226446626,0.6231485387305775,0.9356360877543383,0.8828524584364836,0.9260044119835219,0.9205099749888881,0.9200558139386384,0.7415888971037696,0.9099027625418192,-21.080579473786923,-17.631906028863103,0.8710146939800264,0.7110948470462891,-152.05076082610225,0.9324546147201287,0.9249706985659063,-7.102407634387294,0.8799717654194688,0.8954274640347742,0.7062429328703725,0.8515332412986689,-37.417261725125066,-1.1314863190439497,-19.356242751325013,0.7910547705131578
0.9128243615031972,0.6886993842209147,0.8969697245141968,0.9247175812020545,0.9007753933487317,0.9155590170572625,0.8941442275318605,0.8984678277458004,0.9248152009609254,0.9113678800958349,0.6843531934889945,0.0715572340522197,0.8562498315979533,0.7314057925729751,0.8724607579815903,0.695065854519426,0.9099772236662619,0.8933931096595374,0.901098410654551,0.9363207694461325,0.6859106463042925,-16.19136753007999,0.9091881391065078,0.9382948510754119,0.909800523745781,0.9308045726857167,0.9211075212701414,0.9361403917858389,0.8485339502504433,0.9062644097605127,0.8227673352832493,0.651825013753881,0.9191970443720645,0.9236667732891659,-7.752728441887848,0.9237414950909598
0.9086716987725936,0.8898762892650901,0.9351211032296874,0.9290601441320258,0.8593271786790853,0.8177337721826505,0.9179411729002659,0.7936884943982251,0.9233748685908502,0.9343534046144314,0.942048142314935,0.9110800838436854,0.7599553297691783,0.9350657296923339,0.665582838947721,0.9381821008780796,0.9250314606778743,0.9382451079306144,0.9291872564526176,0.9467626916529727,-138.63530686706247,0.5685025388835582,0.9142490095252985,0.9386549885658253,0.929750022812946,0.9050666570120562,0.9045270530974415,0.9293338821309298,0.8775444138340437,0.9318644539925505,0.8210307061682953,0.8731766115605566,0.923136238257571,0.9274527208334904,-69.03340216408945,0.926451999045562
0.8885709912134773,0.8642202228018148,0.9273647390552765,0.8720824803762679,0.9169924333800094,0.8885097777121612,0.8904431743370416,0.7773497371903051,0.900059739234264,0.8965708885194806,-0.18401109174279595,0.9103458672114078,0.9054291428915902,0.8724587652052318,0.9250413576797771,0.9361461320235526,0.8853630151483032,0.8395190164807894,0.6881590741063178,0.7096848575458583,-0.8576312066110072,0.16033557913905117,0.8985270597020504,0.8376915993023585,0.8933321423316489,0.929818326106727,0.8630460155137536,0.9086388010405767,0.8551460313856596,0.8810823127651592,0.926059974361113,0.6785464922555189,0.90494527404803,0.7923821870516267,-0.34864781373597803,0.8681093295022044
0.9084788975135613,0.9356630672405992,0.9216397472537383,0.9169754518627683,0.9364362219123619,0.581578676753026,0.930010633926821,0.9285414437470372,0.9236988118557182,0.4487948449441612,0.9293723090785131,0.9451166960981049,0.9343566727954916,0.9402093341469719,0.9335152736005562,0.9388935542150586,0.9121531963581495,0.8798899327685998,0.9518076492925565,0.9470817629858159,-1.288258162665855,0.8454940396255809,0.8652715662251687,0.36759808852363884,0.9366250603832896,0.9259484058847762,0.9381373258740472,0.9265860861424796,0.9256735106070046,0.907664582060814,0.9362816832426589,0.8661267377744215,0.8087667807669863,0.9409032060737248,-0.221382061520137,0.6164348273744038
0.9459987976831614,0.9420683687423332,0.9470402185442621,0.9482500885856968,0.94646751257484,0.8896803200830985,0.9492049930473734,0.9483782126118852,0.9287350833651656,0.9490947293675346,0.945758517719624,0.9447167615355875,0.8387211257402497,0.9427822694752914,0.895087167243406,0.8707284507302337,0.943305670646633,0.9420473568267969,0.9331088945326557,0.9449750365005086,0.35642684460726715,-0.264097301061043,0.9303460937160422,0.9209607445959356,0.9283340955702383,0.9164043322372161,0.9469384953739448,0.9476795995044414,0.9464125930211884,0.9451608336508472,0.9040943768494932,0.9123317989107702,0.9306420601350386,0.9431755064778877,0.04616477177311207,0.9256534191559889
0.9099058361808449,0.9239865929028027,0.9506479115325992,0.9523703973791341,0.9528376698746593,0.9173277845995189,0.9504419036517018,0.9472218369762392,0.9554526178891699,0.9368980506546584,0.9479392668378647,0.9504871864474433,0.9529254028183668,0.9540354431594323,0.9535245389013705,0.9426334418414873,0.9573275297527672,0.9562482184625903,0.9534386048400426,0.9530305140113998,0.944428154482736,0.6316122911691376,0.9523427773389077,0.9472764592780257,0.9543822562871778,0.9568618733776213,0.9556932960515979,0.9465453691098162,0.9328890424278972,0.9541485142817727,0.9496652168725057,0.9445430167725251,0.9508986995521568,0.9521769460032141,0.7880202228259368,0.9498096183084668
0.8172107637492604,0.9084244397202802,0.9421846967155737,0.943957550167219,0.9473612247277604,0.9434869210123432,0.9226549122964117,0.9280155161224439,0.9448928435342795,0.9295360097035332,0.9504574391492028,0.9350341378852853,0.9286573211209388,0.914972923751489,0.9478551689544286,0.9448494862615853,0.9475610182268174,0.936844113585407,0.8619847025704933,0.8646793074745449,0.7742506832720053,0.4362787763812942,0.9478835359214465,0.9408939539902941,0.933508413116815,0.9470587545067503,0.9412951710899427,0.9431723844084199,0.8940764079720991,0.9426368446737543,0.9466886266479247,0.934521748583852,0.9387490052153445,0.9027828913858501,0.6052647298266498,0.9443887449558703
-23.491074150962422,-0.06801044241912546,0.9294949737978132,0.9237698909114452,0.9247340836680872,0.8643902098068974,0.9193956247192145,0.9052353416529186,0.9039193389073418,0.9119788505341361,0.41483208846160413,0.56002164531687,0.8865659098345162,-1.1854061327657335,0.9285560569402753,0.8458278864796822,0.9117711068977286,0.9031498547119539,0.9028727330799559,0.8541717532289537,0.3787669076932093,-5.690592620761796,0.8637880536741611,0.9043804643260164,0.9071925291989198,0.9357162989204192,0.9088947191282272,0.9002550673318641,-5.433613406752354,0.9170464565797352,0.8997060090293484,0.3080807441308308,0.9147017543902043,0.8915485681922503,-2.6559128565342935,0.8840842590000888
0.9200052764373676,0.9535139674578672,0.9541893562719153,0.9481234319321672,0.955723556678881,0.9519057964877099,0.9457279666863674,0.9348666617228695,0.9505051732187519,0.9423401635200466,0.9495785834048137,0.9533504337967242,0.8907061758150716,0.9383881686643569,0.9274223725021519,0.9496296186720692,0.9348169008751205,0.9468243301973184,0.9445762898241963,0.9405322702239263,-0.5596537425197861,-0.9843078314947293,0.9471105442214615,0.9448836329168506,0.9515130728713579,0.9558599972583773,0.9539966839592611,0.9500044577810816,0.9385284680761179,0.9459885048191303,0.944258515951034,0.9367858316337353,0.9500546017171334,0.9472774254471164,-0.7719807870072577,0.945997088569156
0.6073682532274045,0.04827463169199819,0.9269099657426945,0.9040461981642326,-5.6096144918334785,0.0180123200514809,0.9140407253672962,0.6027776280281156,0.9001044568021168,0.9080803684173759,0.8374112962931143,0.8048260101315596,0.8698060685772213,0.09610617363138996,0.8605379083824273,0.890837500755719,0.691003584215895,0.8578773407857277,0.5254155718084611,0.8334733871518565,-8.464302920915246,0.5937992102035048,0.8710594612580508,0.8558372559091725,0.8095344102338715,0.9097959482759099,0.8518946852253324,0.8746499787091737,0.5431153095787036,0.8449592722271375,-1.2860796942317776,0.5252323737369532,0.8818787959323187,0.771358405723706,-3.9352518553558706,0.8634483585836117
0.9012206279147429,0.7649761741075876,0.9417579930742702,0.9437250941157453,0.9435665759836025,0.8844891262272314,0.9422490996325799,0.9059958617852991,0.9178445197379106,0.9271368562102315,0.9137779100808064,0.9284557081542905,0.914915124648914,0.9408366228861558,0.9420632600967658,0.9393685821023536,0.9323988703720673,0.9384260631483258,0.9321929505693761,0.8749567828183039,0.5164383285963035,0.32738110714382807,0.5398064535059274,-90.12909188689869,0.9283516077004603,0.9350217940604794,0.8899425961726845,0.9398718597141512,0.8786104408600524,0.9390770051776022,0.9416661393942407,0.9164948983994796,0.9270886944272705,0.9092410473186289,0.42190971787006576,-44.79464271669638
0.30313878050805276,0.8506800157775257,0.9184195823494384,0.8998247187372227,0.8517838656479376,0.9353541773749332,0.9110940990338655,0.9366243832804749,0.8714896491943604,-0.027455154034793594,0.8923883847219956,0.9235338627643579,0.9238216034194444,0.9245326661257595,0.915571536971038,0.8702019401927097,0.9327019380810808,0.9303994293538956,0.9316718077774494,0.7387331476319765,0.3703453759785603,-7.201260725856015,0.8302619252901091,0.8744682394133508,0.921233392130083,0.9226088931268029,0.9336029961101924,0.6749141873695167,0.7503843196499798,0.9203364171304094,0.8791857809372284,0.919926138881298,0.6719691951041132,0.8197305347222836,-3.415457674938727,0.8523650823517299
0.89273344572381,0.9270555741451871,0.9464754545248523,0.9484917072098512,0.9310606092949116,0.9013658414614139,0.9207506431457307,0.8778055660977632,0.9489161897100916,0.913402651770697,0.9180611794341164,0.8964851663892541,0.9529160085544401,0.9098785733248456,0.8993936823251549,0.917761699358903,0.9536936885547118,0.9522065904864937,0.8999606009731308,0.9438503949460784,0.869308155526952,-21.941744266676995,0.13442402497858275,0.834953268894465,0.9067179518363182,0.9359963441921206,0.9377196275496262,0.9212093219726654,0.9045863072781228,0.9502168601939773,0.9160719969929899,0.915741353832814,0.9262582843773068,0.9256849863603753,-10.536218055575022,0.48468864693652386
0.922366423038231,0.9173189834397791,0.9511615815502616,0.9543928530604285,0.9511998112833893,0.9415018755665263,0.9571282923092579,0.9536453975442971,0.9511260340041109,0.9550449143634907,0.9373778538894236,0.9412091887166933,0.9502798878718419,0.952736452106478,0.9171137179520801,0.9461232975668089,0.9536912489893307,0.9532649256934023,0.9518818802827467,0.8612680677737017,0.9108215073498338,0.056700972315384846,0.9458105233459503,0.9472121233844293,0.9486464039653579,0.9472988998867437,0.9427344857941841,0.9544914554794894,0.9376147740828913,0.9531276523233557,0.9381456089340928,0.9446210516301926,0.9505290630549259,0.9275939723325304,0.4837612398326093,0.9465113233651898
0.8434535663985487,0.526564955132265,0.9494656776218894,0.9531512688319852,0.9125229472901112,0.9189803469378286,0.5605468440641566,0.7067010080104832,0.9279876325007131,0.9483284669493923,0.9275400536182539,0.9405858758261498,0.9476042139763822,0.9346234832476932,0.9210049858613885,0.924617631992412,0.89030241010173,0.925882276240585,0.8048730529053424,0.7853575226933062,0.386999038310052,-2.1893143014792966,0.8745246569354719,0.8410916853576141,0.930803729930555,0.9423146186934794,0.9244355742170273,0.8815735014713248,0.6593165934013634,0.9297004081990474,0.9193818550479707,0.9338667947212616,0.9373586120185351,0.8490599128217502,-0.9011576315846224,0.8578081711465431
-0.21477869707749186,-0.1297848845526397,0.9273583701381485,0.9038826787414345,-61.750859933421225,0.10431334543293369,0.8909828195959124,0.9095755051409655,0.9347434968665974,0.6327565211611974,0.8821203996216028,0.9263524521800969,0.8835456534176114,0.8996338758514931,0.8716489888300529,0.9265902486707494,0.935948639384266,0.9367749671715747,0.91812839537921,0.9285092057066888,0.8452757641404971,0.9243007646623284,0.9038256981500379,0.898929961587301,0.8624552565284902,0.8579750553185709,0.9400254627726156,0.8982439218069334,0.3639986857766866,0.9259911638588558,-19.984206898640142,0.7391931453007476,0.8219825824687139,0.9212267464163619,0.8847882644014127,0.9013778298686694
0.9003805785736392,0.9068214837557579,0.9227996395322229,0.8925817473926647,0.8364302105451579,0.7720352810258699,0.9021409010216418,0.9206861444230234,0.7815055130170718,0.6988072496778355,0.8815528780248103,0.8820253476282903,0.9240124769002172,0.8157033330940037,0.8703159410510312,0.7227270582984417,0.7639173981975406,0.900469291585456,0.7434758016267415,0.6437219322184756,0.7650782878183502,0.6568920080178215,-45.20794013799932,-2889.135087046179,0.9029363423962291,0.8625925447337139,0.787598063420798,0.13376284515305947,0.9075072769435155,0.869942019176971,0.8098244032982103,0.8550658633346384,0.8114604124562126,0.5771396606047686,0.7109851479180859,-1467.171513592089
0.8650072995092929,0.77910338783583,0.8979018266186235,0.9040912548606651,0.855990502651231,0.9332202074360141,0.9119284842660453,0.8606735418096579,0.9262865749897141,0.9214137272672476,0.9218314265218149,0.9355355962024771,0.9309711690645214,0.9415517261036312,0.8872607857804626,0.9392549740000433,0.9184551745692998,0.9414813849127265,0.5924205650076895,0.8373241806590193,0.7870947838038689,0.8850118812144312,0.8945651155165149,0.8439891197887659,0.9363055970389819,0.909848630762619,0.8776583293865547,0.42890227482756416,0.8541781783552065,0.9154824102403287,0.8941687541439123,0.9326220250656917,0.9234636325146406,0.6840763374702069,0.83605333250915,0.8692771176526404
0.8786792546924165,-5.46128999308912,0.9368793218064996,0.9236663941541411,0.8833196234818887,0.8247236333471187,0.8039672168406977,0.874821499312227,0.9404821045031867,0.9168419223494008,0.8874903885511168,0.8921095004530725,0.9446242203850136,0.9374981267108791,0.869405141493105,0.8830768339117279,0.9224909687612596,0.9421778981154105,0.5435870632901219,0.8034312419996388,0.7958033878516437,0.8587556898914395,0.8861883964305675,0.9188413863167285,0.9342699397009808,0.820328919713474,0.7167385065500749,0.913404373174929,-0.7259555055609448,0.9313036457093277,0.8786005329622405,0.8972891738894401,0.9029807215667607,0.7442902962536911,0.8272795388715416,0.902514891373648
0.7445018979765556,0.7517722636048298,0.9550572432933141,0.9553377721842649,0.9458837745131267,0.9370158679796026,0.9557585751901588,0.9563887719259476,0.7384819750998395,0.8520346176342175,0.9492986684410427,0.9531288699497031,0.9489522245921543,0.9532207836142904,0.9467510764831326,0.9233121222750912,0.9437455611909255,0.9463229221953977,0.9362061723063997,0.922339771391761,0.7624433358829035,0.9482523895370595,0.9467279384433204,0.949380314104057,0.9457013292472893,0.9297331541385954,0.9229243879933833,0.9293440530799458,0.852105377174373,0.9501158747159756,0.9386489910904502,0.9483232829153586,0.8664877690299854,0.9277035961928725,0.8553478627099815,0.9480541262736887
0.5745108661371943,0.9234244767669099,0.9104727731929989,0.9119142822674035,0.6930284100630412,0.9081593084041684,0.933206329943677,0.9453491649923044,0.8726947251679983,0.9421949890083481,0.9243152794145431,0.9288713353101814,0.9208199302135787,0.9348599141836977,0.908489686023529,0.9449903406204291,0.5586354733261854,0.8418254266524503,0.9353671192897077,0.9251596490143517,-1.8444171291980531,-0.7310284905519961,0.9229000247905272,0.8826114523135195,0.9310298753456137,0.910910422721478,0.9372057653632885,0.8820338369924405,0.8441227094600214,0.8057119888597595,0.8488361455689998,0.9234051535052339,0.9142075030608595,0.9199415926649471,-1.2877228098750246,0.9027557385520233
-0.4361658602083025,0.11744022378329999,0.9281076810916026,0.9318347614472453,0.8755092282249085,0.8004784756016073,-7.169807896451989,0.654630679012481,-6.636010744155053,0.9138593297992144,0.8158248340644367,0.8679703218364838,0.9231931469821189,0.9302772620411749,0.8646559579361136,0.901180953511618,0.9258769931831615,0.8686523791658725,0.9149739948763878,0.8721623080970609,-0.6616307210279979,0.5142336943230958,0.8916127822536086,0.9084409603902094,0.9031908385854642,0.8823494116356003,0.82219491332471,0.922508656832563,-1.7084757134661275,0.9136179537219705,0.8804487132242134,0.8675488081051643,-0.9841527910336935,0.8829599682826804,-0.07369851335245103,0.9000268713219091
0.9319403736157945,0.9534787030078506,0.94341759467405,0.9446924636171928,0.9455471107741882,0.9284386210673216,0.9481508349698547,0.9421805866118536,0.9541558713274206,0.9433137992889158,0.9494261847906801,0.9421769541400534,0.9390682945430725,0.9251931831368877,0.9464297367936239,0.9441133607717918,0.9461599280036241,0.9456186705591927,0.7994429062494623,0.899669737290002,0.7312333133386255,-15.068866557836436,0.9402808039215473,0.9347745809932536,0.9496616464061953,0.9512754773039103,0.9374167742478582,0.9518281300899315,0.9439376245513385,0.9449721642135149,0.945363402779868,0.9368606475356029,0.9496016985816105,0.8970893869693135,-7.168816622248905,0.9375276924574005
0.8299392313486307,0.9089705760060369,0.9361229475392937,0.9419327343545433,0.6485636624855753,0.9300937718576131,0.9480007471399029,0.8304279987164682,0.9183593482686354,0.9328835135674041,0.9336942073373367,0.9469496893248266,0.9277169850783586,0.9142783931569249,0.9194966048842531,0.937827535746748,0.9456233991640894,0.9117467423596193,0.9325454174622189,0.8133142785388947,0.845283378645054,0.7798688999798647,0.9248633254169042,0.8982029019122961,0.940013651234284,0.941105025250219,0.922926096626551,0.938956828155016,0.8793346383027596,0.9338564558543865,0.8352959343721921,0.930546609351012,0.9330903845801357,0.9019356551956701,0.8125761393124593,0.9115331136646001
0.9177722684381004,0.9020925800770943,0.8829157554312709,0.932744449708456,0.945415106173163,0.9185876848826603,0.9311202201633646,0.9409135624884862,0.8173890713407319,0.9338310693226859,0.9235975752156377,0.9328801889221608,0.9179262771233886,0.9402088829019062,0.9313717148472757,0.9427346325905973,0.9049715184193213,0.9012772444925252,-0.7197167918800784,0.9378602255724954,-0.9358112548770874,0.16672019700637564,0.8496599149657553,0.8908771069372041,0.892306991615722,0.9262040413899435,0.8725671506818474,0.9324311389430777,0.9229746577917614,0.9054772420128934,0.9398404845370121,0.9266401218091508,0.8924327934172709,0.5057854308293355,-0.3845455289353559,0.8702685109514797
0.8573076471718786,0.9511760787254864,0.955521045877828,0.9501551515415131,0.9523733804337988,0.9475133618263611,0.9447769682087377,0.9478896897102594,0.9492624501519704,0.9486892088834352,0.9500178334282652,0.9515098492223811,0.9455070903884034,0.9533920851259345,0.9483691768037401,0.9318372895433344,0.9505647281012805,0.9514443654231685,0.9362175892744564,0.9489877966778025,0.6989674771375043,0.887684006384041,0.9380982780274112,0.9430358396018492,0.947982229064255,0.9543699892097602,0.9497229183194336,0.948746338032735,0.9252875959540905,0.9519213227359475,0.9441932822602911,0.9495880439982691,0.9500759693273553,0.945918660576107,0.7933257417607726,0.9405670588146302
0.953478533321842,0.9540156836850415,0.9494010804933536,0.9409513472169401,0.9550826100531236,0.9165630094547765,0.9564669678797058,0.9277146211743817,0.9534069918098781,0.9535817703604194,0.9331195066671911,0.9175238255525326,0.9537382910162754,0.9524744496006613,0.9504712369117275,0.9538288485145943,0.943814142852341,0.9428730580912889,0.951676146824226,0.9542002432623308,-2.0077573288625623,-1.32585937087069,0.9253187996968403,0.9379513826987765,0.9501511258031785,0.9550648951582028,0.9422135019660347,0.9414057712306393,0.9479189515152427,0.9442599071634808,0.9531275651598151,0.9346838164582874,0.9530511957829197,0.9473739158208078,-1.6668083498666262,0.9316350911978084
0.9488325949860965,0.9483828719948681,0.9482659814021654,0.9434797124892266,0.9470513460933074,0.950371507452961,0.9543078485972011,0.9319824741174529,0.9564263502447174,0.9547102379140239,0.9489189572154969,0.9532535402256265,0.7037182548100942,0.8929355428962699,0.9493174102437357,0.9506899172433878,0.9543813443632672,0.9539754214645761,0.95336058551565,0.9352360835599294,-1.1017564617935562,0.9214175779055411,0.9294223399285524,0.8842829426981849,0.9521907465139534,0.9044686289771462,0.9545814855338731,0.9449644111015377,0.9458764474239046,0.9500256149298087,0.9490195578601437,0.8898395605200896,0.9419489909124603,0.9470356414277475,-0.09016944194400756,0.9068526413133686
0.8967824546158099,0.885664469175156,0.936858551248995,0.93882159118687,0.8453675245484973,0.7768547278550313,0.9197446101461818,0.8800233747724717,0.8697168993028853,0.9363170297171619,-12.027082303030415,-157.0844917292332,0.9032207320199404,0.8957736771346965,0.7190406475875899,0.45966210884547365,0.9143164934505906,0.9373846274636385,0.925957519706579,0.9073320351605251,0.9322079095953817,0.9414551437037312,0.8857247540773059,0.8902029475392175,0.8439723484320563,0.8680373591741806,0.8907251635150305,0.9076878201339456,0.8955537271774048,0.9318453158375235,0.6746900936605202,-33.30714497905079,0.8795109091565709,0.9079256346290201,0.9368315266495564,0.8879638508082617
0.8606437040265364,0.9364068173908747,0.9472962145808205,0.9512986537874116,0.901524133984765,0.9097471480286102,0.9485032595833791,0.914716949430187,0.942919239766064,0.9501407431812035,0.921479301838263,0.9384560561251962,0.9485581468690205,0.94310834940113,0.9396319188495005,0.9499416950385001,0.9470077035130149,0.9388093657317441,0.6045234351612396,0.9540537036250338,0.4460359900886258,0.891319799970698,0.9308028149047762,0.9447963806666569,0.9190101850136115,0.9304711586797128,0.8987796853859918,0.9427549471585911,0.9150676826077444,0.9461029844032477,0.9303659159575886,0.9322698004524439,0.9356353316601479,0.8500279428327141,0.6686778950296619,0.9377995977857165
0.7206241994695055,-2.1977213918873484,0.9070380735981091,0.6019464958884859,0.8864581861534535,0.012846725104399881,0.637383101165862,0.7330517046785624,0.844239636635465,0.916992863686707,0.9247969730443489,0.9125972211024517,0.9081845064845429,0.9207037269158281,0.846461362992416,0.87999949385155,0.8534711469458297,0.8989596242053056,0.9011770661018217,0.8822984315745935,0.602830789857081,0.4075551422537992,0.5114690867740226,-108.32895371114274,0.9177635795463909,0.7706761608590988,0.5274298364670945,-12.911581440536521,-0.026665596643354605,0.8153538351594326,0.8709730143324732,0.7358258305303143,0.8624180601819154,-2.650169026598253,0.5051929660554402,-53.90874231218436
0.5964610039424307,0.06716474358953217,0.9298520425743539,0.9462279527099214,0.757107967446397,0.9264291901686776,0.933593444023364,0.9465442598472332,0.9465912131879525,0.925291794437352,0.9478028819851639,0.9472803115729799,0.9473755076124812,0.9130187570979656,0.936767283691348,0.9492035799006342,0.947079845143274,0.9425763618991715,0.814770344728831,0.8762890226742513,0.49509343563281205,0.6711243922655747,0.9437057826570443,0.9455826324436812,0.9432343802648484,0.9408111529640916,0.9537367722545238,0.9414140286932051,0.63594086285064,0.9414340505816802,0.8810262770127931,0.9363813296874538,0.9389821352135611,0.8965525420877027,0.5831089139491934,0.9446442075503627
0.9445669056219754,0.9279962741167922,0.9547095284623304,0.9222484791333454,0.941599660024961,0.9418985770831333,0.9406346941237893,0.9378352599829198,0.9319972419125431,0.9411311676090757,0.9369409515567578,0.905130039608155,0.9089626477292806,0.9520589017071773,0.9470996647310742,0.9477477423567309,0.9051441753370271,0.949783986939069,0.9475410079735578,0.9396390501782061,0.22573477897966854,0.31568461439460094,0.9442804671012859,-129.5414983991321,0.9393792638254049,0.8979292282388331,0.9250319956943059,0.8736440688785877,0.9377582834613692,0.932971542467943,0.9454823557042554,0.9289982235369008,0.9276092253964642,0.9214640306811644,0.27070969668713474,-64.29860896601541
0.9238159006569673,0.9296664570908989,0.9517522995836859,0.9407080651624806,0.9450800349045625,0.8800186550299475,0.9088359097730049,0.9399853352421282,0.9452491848414211,0.9508154279391554,0.9490348158354448,0.9473117040322933,0.8058951330209125,0.9456706133746499,0.9468097133077495,0.9457100876321145,0.9403072712162187,0.9451833527887168,0.7650452092288751,0.900799569299823,0.6213561082066843,0.3713440215718251,0.9322325139992058,0.9432527115161323,0.946805430023083,0.9525024591702138,0.9522765673448041,0.9526184794992286,0.9255759006907498,0.9444877471877755,0.9458666119481421,0.9055861842586495,0.9488431254934684,0.8926849563431827,0.4963500648892547,0.9377426127576691
0.6775674899961979,0.7619898179133363,0.9019310347642451,0.9071897434780936,0.8971311738759868,0.8424112954427668,0.669567350332795,0.644455489677014,0.8792131494217015,0.9296425672741202,0.7902817095109634,0.8634058419866778,0.7306483946082829,0.9360617151241437,0.9198357152774213,0.8848549792744297,0.9299236631503914,0.9333143395351394,0.8606830613034459,0.8689026128212739,-1.1725626112862102,-1.165736179960819,0.8699354127345138,0.8827526266068668,0.9222673968317042,0.9136372881485659,0.47697771503063424,0.7958829973966712,0.6883950369798357,0.9180896952319674,0.9006072894759459,0.8325617913345669,0.9111901004190229,0.7506115966380064,-1.1691493956235146,0.8763440196706903
0.9412564146879685,0.8794461860420095,0.8731202282449289,0.9353272551677523,0.9087248489577058,0.9105357829296338,0.9203322377967719,0.8417876444563975,0.9363641711694345,0.94474042662245,0.9403082674154026,0.9351168376088833,0.5852280993404462,0.8369567015749303,0.9300719490388494,0.9354098779295336,0.8868120280602275,0.9365520979025307,0.913652072585468,0.9294515419769976,0.8640357174609692,0.8378531019238501,0.9279802639415536,0.9438834880375245,0.9402557424958381,0.9252823343134755,0.9391016306643903,0.9299457863917762,0.8957056207457869,0.9079529023438598,0.9247355586420296,0.8416291377738594,0.9366606686502996,0.928037757904658,0.8509444096924097,0.9359318759895391
0.8219466877086812,0.9355673401371647,0.9483423926429987,0.9562140057257921,0.952890187032143,0.9508937397204995,0.9463275683699945,0.9507108192197755,0.9578756042643435,0.9453036874235201,0.9523635194830945,0.95669558420478,0.9522007302796236,0.9569914412676099,0.9580004359696637,0.9560750511293259,0.9559519938827643,0.9578887322244499,0.9308874720129637,0.6768404892734818,0.913968741200551,0.9138079338635787,0.9571234867878142,0.9560751088252002,0.9555871714634045,0.9551718296319445,0.9584600322456015,0.9472063654162226,0.913638103858904,0.9545992811190013,0.9556552247103776,0.9538290029911216,0.9534845731958032,0.8783485897370674,0.9138883375320649,0.9565992978065072
0.9008017758845945,0.9397065156960034,0.9509058973003633,0.8819127159859016,0.9437032676838187,0.9397223031645165,0.9378590383234761,0.9268248996777942,0.9367480681312403,0.9321196405555969,0.8799544798764798,0.909897200397219,0.9473092806857083,0.9476568667838912,0.9449766610040641,0.9217499467302306,0.9355221393877472,0.8796215143906432,0.9403272651591862,0.9102102079057853,-0.17373173052113966,-1.6566094485951082,0.9400828600514881,0.9264977830444745,0.8670765187791192,0.946020324098771,0.9349429365517012,0.8877694818539922,0.9262980573954671,0.9119905667661639,0.9368099584727044,0.924908026181563,0.9204911378911818,0.9183124728676663,-0.9151705895581239,0.9332903215479813
0.7418576312854612,0.3545758547358414,0.927936067433476,0.7383115305397634,0.8676774985891126,-0.5228711268774284,0.8269694647139889,0.870651178172278,0.8879347375394707,0.9057141366653007,0.9165113562364319,0.9079077148404012,0.9053244225517169,0.9303748010443175,0.855118404099667,0.9245457725145324,0.8433191437805184,0.9313712909807811,0.9222350705664355,0.923185565551261,-4.108473273660681,0.4036744890961912,0.8099473865039093,0.0036404952810470403,0.9036941509591798,0.8249066233635585,0.7365236780184271,-14.52904977509636,0.6985135322268924,0.8602345081836348,0.8824472250677706,0.6274494335590879,0.8805624121318774,-2.986776365240059,-1.8523993922822448,0.40679394089247817
0.8621750460114187,0.9290025242697604,0.9489636183591892,0.9278395469903834,0.9407938378934578,0.9288157485712917,0.9300914260420947,0.7820931231337731,0.9246518749544328,0.9518968156186043,0.9269530262434178,0.9315112408337042,0.9477213228624898,0.9323700319028426,0.9154177591368003,0.9267985877210847,0.9281759606487598,0.9522447668246892,0.9036673085463175,0.6899751186750311,0.40572125537666626,0.7159141576027597,0.9239490452980271,0.8652945777905526,0.8627884192776909,0.9276335982408109,0.9252316413298649,0.9400684011517985,0.8758405298642618,0.9393059732057554,0.9276700615837811,0.9334742740827492,0.9167426770228847,0.864735617425753,0.560817706489713,0.8946218115442899
0.9112052403162434,0.9034426271809887,0.9406219706842097,0.9454578488501382,0.8067105240300083,0.9162459009282299,0.8828700902658306,0.9121430415929834,0.9336155157864483,0.9309033710090198,0.9311490800745882,0.9388418929718666,0.9490973831188603,0.9296056868914525,0.8393094276420596,0.9215421133003838,0.9481352543339748,0.944894382543615,0.47928781548944277,0.9101358586620624,-0.15917959550846805,0.8167608135390547,0.8131863170491997,0.8236670931276606,0.9345358502697605,0.906314631730182,0.8528455458652281,0.6414041107136305,0.9024152498390117,0.9447773641029845,0.855854021657484,0.9329879887969994,0.9263423421988526,0.7209183326825909,0.32879060901529333,0.8184267050884302
0.8151297633425233,0.7823234702694696,0.934468916884597,0.935053922569375,0.936658146910094,0.9292160263576961,0.9016543416288703,0.9015711062010777,0.9411690850603893,0.9385533472031714,0.8246629848660965,0.8778250851637108,0.9179667712512328,0.9283566612239037,0.9078247926201087,0.7231051700267064,0.9309099537934341,0.9353703095319298,0.758331733932242,0.8797124593853964,0.11930630894518024,-0.12259205177323729,0.8961840933544244,0.9168348890330964,0.9370756138892381,0.9337929490966591,0.8713683256976589,0.9353676337165918,0.8501696703604853,0.933950775694834,0.8558627031856364,0.895605505772528,0.9376477488123645,0.8611950381829723,-0.0016428714140285239,0.9065094911937603
0.7867001715692848,0.49377541108225254,0.9079467581868214,0.9350788124615569,0.9446869556076122,0.8965555197083961,0.9028533560566355,0.8984329487591461,0.876926705015114,0.867667456474678,0.8797287313151073,0.9140422865265523,0.9223736911147773,0.9321442574009158,0.91102287724415,0.805518637621354,0.48190257007797366,0.8545929000462253,0.8841533998308868,0.25141922666962946,-3.108498938020671,-5.047029019523904,-1.910590337277604,-1.0945675171049998,0.6711492993196833,0.8757852534633277,0.8670197706713487,0.9089635664738502,0.7704404718668297,0.7948802601931443,0.8870761568243721,0.9089688972131498,0.8228821785682007,0.7278889909114288,-4.077763978772287,-1.502578927191302
0.9455035281925741,0.9475164335394304,0.9396428575315003,0.9458567865114978,0.9438140500547898,0.9165511518858277,0.9439531472911727,0.8108503173921267,0.9396415304946136,0.9346170425315965,0.8061713761052335,0.9396379590551952,0.9517394768177445,0.9414245086141795,0.9399058228089048,0.9485839766899609,0.9481122228792922,0.9526789700578062,0.917675896063238,0.9101763181417056,0.07552507457206947,0.14177105706457127,0.9521148911313068,0.925877093780444,0.9308969364207393,0.9439267231199338,0.9311064501340275,0.9328152228636584,0.9119558566038259,0.9465727092450242,0.9441012831845518,0.911104894495636,0.9372705581417209,0.9229434718006574,0.10864806581832037,0.9389959924558754
0.937834155834827,0.9421456526770947,0.9335495362127793,0.9520325849074088,0.9449659470700802,0.8165111034852203,0.9488263764777911,0.9384931750608819,0.949621554924018,0.946692003883828,0.9458364146781179,0.953107929846546,0.9496603894266696,0.8535043828602519,0.9478683750945885,0.950910285569464,0.9200763234393017,0.9470905635256834,0.9059998099332344,0.9474170688223207,-29.57232786195498,-5.062016046225518,0.9523383070931435,0.8983405413707227,0.9555124456252259,0.9494886128412503,0.9257785048326552,0.9387012173345635,0.9418248400126487,0.9381872520212933,0.9479148692447109,0.9037240440593612,0.9503286543185805,0.9294741502306936,-17.31717195409025,0.925339424231933
0.9216040013538804,0.9427341123794671,0.951466777101242,0.9485059124060915,0.9499196593567778,0.9354887973574613,0.9471535571538586,0.8220325595633158,0.9505063613282537,0.9536539129171536,0.9505753101638533,0.9517868740216988,0.9419407741777552,0.9477378894444982,0.9514925907145815,0.9526538680293049,0.9511341883869188,0.9520406218531111,0.9342825616660392,0.9468956491528714,0.7092225710351223,0.08501939623151344,0.9039168455483039,0.9513541249479073,0.9531244850610662,0.9503891697866687,0.9481373823863605,0.9512618493213403,0.9083810576126305,0.9507868749368408,0.9513553727002213,0.9455059290330535,0.9519184822732856,0.9451443606316527,0.3971209836333179,0.9276354852481056
0.8164636897113569,0.5271145393183956,0.8714622218752748,0.8673719619487199,0.874743707634826,0.8769472647226344,-7.352177748988124,0.8482725112265521,0.8670743000896904,0.8678519321880849,0.9223261227426661,0.8927553730331932,0.6615670335198732,0.8569311259114261,0.8986369852978844,0.8914979302384024,0.8623961796411965,0.8631382757481366,0.8591469744195122,0.9200980699946193,0.8394687952272193,0.804772749075152,0.9388947813122172,0.46536602581857434,-101.54920349931272,0.9251214171115743,0.48866157852855896,0.8776587729926598,-1.2900817521829548,0.866092159803332,0.888292874390371,0.8421053839859587,-24.722288962480846,0.7863913489838376,0.8221207721511856,0.7021304035653957
-3.9168367979906966,0.6363589483085225,0.9477844365886988,0.9374560302158752,0.9006612507908833,0.9228004478877011,0.9282652403085703,0.8568923397122368,0.9120808373189223,0.9314333894226515,0.6344995090101891,0.8996026361977179,0.9414678329400321,0.8786210974283742,0.9130390081139838,0.9291936793456204,0.9345327434241699,0.9304123108218811,0.9266571653414467,0.9429971050197653,0.8859004307924996,-0.0047247646649257735,0.9338374538706669,0.9212539701633335,0.9322879164774339,0.9403097913954929,0.9314575482898511,0.937428546607342,-0.37383006741534175,0.9375463802626564,0.9142979794168292,0.855398304692803,0.9290279836536252,0.9346350913146013,0.4405878330637869,0.9275457120170002
0.8180885130014193,0.8877502061272964,0.9450944218497975,0.9293214966465304,0.946054379354521,0.9074812939779878,0.8635814586617799,0.9347146227978292,0.9366570673067602,0.8556654846999605,0.8687259186382899,0.9500135055643862,0.9383176231313334,0.7727406408854469,0.9449100749317131,0.9483642649079222,0.9333990660888011,0.9295333361302653,0.8501042800819985,0.8289621874392616,-12114.636252942228,0.3998638219212036,0.9436231380683024,0.9391117939670193,0.9375028155106212,0.9436387058960927,0.9491096765819315,0.9136172394813072,0.8760337001470813,0.9343370801788486,0.9464429063980521,0.8874557964394889,0.9183660183533586,0.8854483458961246,-6057.118194560153,0.9413674660176609
0.9542223594800672,0.9188201989419486,0.9578579020342326,0.9543924528035432,0.9555758249100909,0.9600736961572378,0.9548057217265861,0.9423865649630704,0.9600581893970301,0.957896032117112,0.9600724203428221,0.9569780993758901,0.9609135093967761,0.9593954074532629,0.9483479282809631,0.958175919768984,0.9564079447382897,0.9591822665023393,0.9572822851623899,0.9506330234952215,0.9345351304336031,0.9295762375731386,0.9581594535920029,0.9473123894768778,0.9578711022565682,0.9584270865614442,0.9593425779966941,0.9579823252359135,0.942558711277918,0.9569601415196012,0.9540332243200127,0.9594866265451978,0.9585631025830387,0.9563100529725548,0.9320556840033709,0.9527359215344404
-0.5850880290881375,0.7247902231925514,0.9522532111876237,0.9425217845007353,0.885341483369332,0.8924824322462744,0.9196798001596299,0.9432672855183782,0.949419610945524,0.8841535392210913,0.9325206843626141,0.9403707694184013,0.9248879247718939,0.9328275199614431,0.9350483734546944,0.9214853460712733,0.9520669710447476,0.9423781831829638,0.9439864074246129,0.9202596524486797,0.8452157580497572,0.6690786268416451,0.9512803597590644,0.9317549836440667,0.9517819538676273,0.9481605720124585,0.9461647930909453,0.9466635841060764,0.5006623199456055,0.9473050374790175,0.9139584009651,0.9246178661521253,0.9333789190116752,0.9392686092675786,0.7571471924457012,0.9415176717015656
0.5269783248005993,0.7567096825463903,0.8947673960919545,0.8669642855408796,0.8233685635086763,0.8831224816780142,0.8244582430825388,0.8766156413474726,0.8798109295043524,0.9141327171594493,0.7364638067458978,0.4176444588728082,-1.641948039477684,0.6345190089436492,0.7846747176764158,0.6936162657193745,0.9086526134951141,0.8873820007618554,0.6169677442260204,0.9219083152647254,0.7581889907120118,0.8308760949967289,0.754765970159496,0.8139551519551664,0.8485149500167668,0.8001736957771295,0.9212153204314989,0.9030803356843193,0.7461904729442502,0.8894415739724508,0.7672198489681555,0.20596034335253707,0.8606580731144244,0.8407929289016409,0.7945325428543704,0.7843605610573312
-0.35946860999423325,0.7408347595255638,0.9477227906531804,0.9455034942465625,0.6782308459214864,0.9307691851970916,0.9489061009416423,0.929960417436723,0.948889483548201,0.9277897603499516,0.9364577171231613,0.9524733007349944,0.9312748855720812,0.9477953866385602,0.9446031317821879,0.926724697324788,0.9506169001289573,0.9487321843911166,0.6452680443859309,0.7351818203430502,0.8745670007320628,0.013925878248528756,0.9435690879521154,0.9443964418402353,0.9289976333578838,0.9392204974358237,0.9512396624641419,0.9468723472789301,0.565058166977424,0.9481438423549543,0.8498528916761542,0.9397540950531778,0.936224343672965,0.8196404686180132,0.4442464394902958,0.9439827648961754
0.9050348819191669,0.8497251342693821,0.9452333719676365,0.9488969567430582,0.7392887917527511,0.9340606363708921,0.6039559001431315,0.88636442002411,0.9281389690734287,0.9261055365653051,0.9527791921730281,0.9490296600968529,0.9081522060617941,0.9532768730807124,0.9394674621667347,0.9154220127426287,0.892411814520802,0.8259221812990355,0.9345560262596158,0.8833419138257167,0.9324436936714132,0.9090351338854967,0.9243625290593989,0.9203405260974333,0.9454564032818561,0.9388662192473036,0.9462387522098284,0.941274645604849,0.8112700840889476,0.9031160811326331,0.8647260888873715,0.939459713556656,0.9346417820419735,0.9263528344750025,0.920739413778455,0.9223515275784161
0.9254234024937624,-5.460119413572273,0.9541734582931982,0.9519559896836861,0.9463747916241209,0.9368291757666796,0.926778867935501,0.9366422080820163,0.9494330869641586,0.9481004783726807,0.948630761438427,0.9434420206459178,0.895721411079052,0.9243406972308336,0.9472073822321605,0.9431480050004891,0.9460373878466797,0.9454493492170789,0.8531367622885004,0.9458258638497068,0.6615623974094536,0.4049513629004169,0.9480485676821209,0.948286721258136,0.9445488320573227,0.9365660714904626,0.9447706853140162,0.9484460354640989,-0.6678187337652484,0.9494040462601607,0.9455767262855902,0.929792813232182,0.9446621172211561,0.9230448367290806,0.5332568801549352,0.9481676444701284
0.9217322086651408,0.30705634524164416,0.7849653241330186,0.8037624484711833,0.9280322696727701,0.8011372181199448,0.9196325658695015,0.9185236738149194,0.9425666094443648,0.8971937654997658,0.8726187630438527,0.9394366744128924,0.9275223324642027,0.9427422769228526,0.9312174973201659,0.9328796367084503,0.9355254675875286,0.9429610503380796,0.9382576588387763,0.9371895274110846,0.7169414085239734,0.9370350152802835,0.939401320740141,-0.8755337847618518,0.9040612389740617,0.9411639377901486,0.9336386546820692,0.8464496398406709,0.7667361983978015,0.8668035726324526,0.9307098012337954,0.896691452992749,0.9212463879270852,0.9138838701931502,0.8269882119021285,0.0319337679891446
-2.1729719874026245,0.7492750660325564,0.9404384759738025,0.9342648463685738,0.7497245893787965,0.4389665083172837,0.9303188013609568,0.7900892733130418,0.9387209021471395,0.9147839181064682,0.8243314944661406,0.8993650651765555,0.9343121579740482,0.8863548836852506,0.8492173712559584,0.9005721507488618,0.9308769557042756,0.9385753883154961,0.8442041504872231,0.9335929059441278,0.9211727996868684,0.842475295245694,0.9024246415476943,0.9099851220827907,0.9280782710713094,0.9506933517042441,0.9428310833666053,0.9455721258321761,0.07417778832598262,0.936038916590537,0.8331713704612055,0.7966660219238558,0.9330691107572903,0.916550066407533,0.8818240474662812,0.9062048818152425
0.9406721468728193,0.9489659808505815,0.9535409841233914,0.9516902369831618,0.9134748375052982,0.944806743878979,0.91473240144229,0.8800372925763846,0.9472130795790936,0.9517942950146577,0.9538632626318683,0.9526002316190226,0.9444727304113175,0.9432213254460116,0.9509772272952266,0.9563577315918329,0.945954555088255,0.9491054925570985,0.9382580916677786,0.9458989856821652,0.63321742414245,0.6526808051531874,0.9112975973570103,-12.411919542679666,0.9476018090749149,0.9443999684130056,0.9552124797913981,0.9512709002805131,0.9211019554355189,0.9500728171879766,0.940269932130786,0.9477928587974398,0.9477522880204179,0.9476601143554637,0.6429491146478187,-5.750310972661328
0.9255239656639124,0.8649938158366536,0.9333814008617427,0.8879437081736505,0.9322455511517992,0.9233444644368265,0.9035354103784536,0.8985390344518827,0.9211616854630782,0.8977353519528429,0.9158706577680006,0.9373772698268825,0.8854424934584522,0.915688174974297,0.8678462766975701,0.9359888606053408,0.9280373365268895,0.9313762423243312,0.5533615020153841,0.9201489929749794,-0.7806778840895632,-0.003370613314378268,0.8960658980929062,0.8464413021153241,0.8738430867447635,0.8394358367717236,0.9439797396286272,0.9190469163158664,0.8981480565827256,0.9201846719716535,0.91202689615157,0.9155446120928916,0.8830439902331022,0.8341342877337143,-0.3920242487019707,0.8712536001041151
0.24147216667898208,0.9482748942508944,0.9393897573254867,0.9529712085702615,0.9524354055392988,0.9558825027265283,0.9062353460059509,0.9499773226535752,0.94812405771266,0.9431100056179387,0.9554260145657123,0.954089874851837,0.9534354680952306,0.9480856806026237,0.9215754283623202,0.9084819921024141,0.9509095523008597,0.9550575309100858,0.8103801867560592,0.9531091815093727,0.9022458139040591,0.8485271952430754,0.909212315427286,0.9507783424822723,0.9440313168182506,0.9507469256546924,0.9163510632959392,0.9572130350911653,0.7614899323973506,0.9495820122766734,0.927497608668011,0.9533839081683864,0.9465030764508854,0.9092633666631341,0.8753865045735673,0.9299953289547791
0.6988356487817036,0.8393057929295633,0.9059641984171158,0.9306271851788618,0.898846254169569,-3.503852199892548,0.7221975177044189,0.727227906282216,0.8888338799453085,0.928982444545088,0.8358310008464526,0.9056287345986248,0.8308251183292132,0.7640614935210247,0.7399971837652024,0.9054621929014645,0.8956991701094117,0.89732315950429,0.8208358863915926,0.8349957012055236,-23.893369492954168,-3.469799142415016,0.6639977928643652,0.3642990466749876,0.9045623492840785,0.8824586381235154,0.8836561122272891,0.6181660555793214,0.7468917164244754,0.9074034283024197,0.848101876945412,-0.03350117051944659,0.9012093279744976,0.7894134388509317,-13.681584317684592,0.5141484197696764
0.9337706772651603,0.9098773283292053,0.941448048529449,0.9437263330329769,0.8501457232078065,0.633321073616119,0.936953906176599,0.8434533653572276,0.9412261124705084,0.9406065155019058,0.8934185098584054,0.8833968329148857,0.8756766931861206,0.8887474218233165,0.9108107138803284,0.8818049362292679,0.9240263689194051,0.9323960266191798,0.936176127382857,0.9359947554278831,0.9255726451754863,0.40756017926574106,0.9320226927344866,0.937932793650252,0.9383866729935275,0.9399648718436492,0.9384029109742891,0.9353190550498321,0.9060138192820479,0.9353991942752526,0.8809204577724676,0.8349121062797694,0.9400460432023977,0.9364732122087154,0.6665664122206136,0.9349777431923693
0.9532221773400957,0.9484329144422086,0.9554128167453778,0.9526914385105608,0.9508255303315951,0.9330281135722002,0.9538050390060657,0.938852279392292,0.946419574092414,0.9252079350921419,0.9577330199201511,0.9560397471989287,0.9502884152623922,0.9133803184743113,0.9316226438565967,0.948408641809146,0.9564096071121148,0.9567690095365939,0.9531854067701232,0.9532866807377471,0.9291226510917427,0.9495700844585331,0.9555822688089515,0.95792305886802,0.9522394824495711,0.9478848438991534,0.953409778504497,0.9519287834282387,0.9485781025451656,0.9553207179761618,0.9436189386657793,0.9420939228855966,0.9429379588833201,0.9529526623601515,0.9393463677751379,0.9567526638384858
0.8224641696452569,-52.47101377812306,0.9015141193655045,0.8507288787081987,0.8985200947557643,0.9036768190071889,0.8128165957388077,0.8345501866381141,0.8648798693951978,0.806805533712663,0.9191989227930639,0.8950120552910674,0.6409676941627558,0.8299877229902467,0.8103647875591483,0.8824874418751087,0.9035667070085169,0.9145667402873082,0.8421760587315209,0.7097093250643132,-9.355407291368467,-14.426642363622914,0.7231789220533766,0.3772802675714322,0.9121549274641282,0.8483292837054703,0.9290993915203135,0.9142775545176299,-12.50029570652522,0.892594111342382,0.8637907747300071,0.8377686428488644,0.8580424035693648,0.8488155824584444,-11.891024827495691,0.5502295948124044
0.8294469106766739,0.8784339671657101,0.9413408475782266,0.9454793054930813,0.9242507259720856,0.8399777557269641,0.899350576133079,0.8697336114681655,0.9126837621110033,0.9444171645277555,0.9373383980707891,0.943233418630861,0.8005247077669012,0.8658674891593955,0.897691152477502,0.9205851723598455,0.9350516438943942,0.9299998646493421,0.9043142176658054,0.8944524476377118,-4.8249859565734905,0.4983661908659279,0.9256570721990033,0.8994256298643823,0.9114199547688789,0.9182639598106798,0.9312376023857832,0.9300674843361042,0.8692412663609071,0.937967915403761,0.9141756836031444,0.8773883538709821,0.9216962103045794,0.9150179380063512,-2.163309882853781,0.9125413510316929
0.2296499981341077,-3.5883104996947086,0.9461766407995676,0.9472926241133126,0.9199870657014902,0.9187015022159996,0.9491268740633526,0.9435027101426083,0.9403006660704234,0.94986382521006,0.9293666901253144,0.9433605385557945,0.9005798350199087,0.9452949867101634,0.9487260491084373,0.9418865957587222,0.9431236303622056,0.9426586063755081,0.909253050329178,0.9356421669335784,-1.8302622985307209,0.9425278393495685,0.9149277225354517,0.9391974252073068,0.9499951560806075,0.9462452523902436,0.9267091778175658,0.9358918506985547,-0.36650772933866005,0.9448128754126485,0.9368665701895499,0.9274607105254361,0.9466012249378336,0.9268740614447193,-0.4438672295905762,0.9270625738713792
0.8882700809844983,0.9284320576087993,0.9427688072445818,0.9426664664413165,0.9446436883939969,0.918007026639559,0.927932882584292,0.9323127632863515,0.9535481305499011,0.9517149276638722,0.9492764548566955,0.9477161584156409,0.952961761529503,0.9391406024723559,0.9437300039687517,0.9502437811082913,0.9361687956339303,0.9452272769389801,0.9487467234127025,0.9454696744009055,-0.07370388410148432,-4.352602207533462,0.9117664176688409,0.9120069106257662,0.9552938004261536,0.9553993595392267,0.9218581395134694,0.9303388172184441,0.9192369461159853,0.9417078365647021,0.9462058244903466,0.9414204007827507,0.9539890545447884,0.9366033386363803,-2.213153045817473,0.9118866641473036
0.9532582157474513,0.9320451774205765,0.9573837006417657,0.9584896213173395,0.9558890641270914,0.9567994051136173,0.9531492019554105,0.9489681796986238,0.9572991392676097,0.9554120302201207,0.9294016184946662,0.9529406293362104,0.9564352112665141,0.9519488746280685,0.9504091722760332,0.9550488720789625,0.9574399174565288,0.9569859988885286,0.9576044011816124,0.9510148820418742,-3.563419482992205,-0.5371860747764436,0.9537799105049053,0.9520415874419642,0.957252923018056,0.9534215465697494,0.9562507825288229,0.9560423430649364,0.9468551937055155,0.9575748095760407,0.9537823694940291,0.9495051477678154,0.955846409768884,0.9552281022043115,-2.0503027788843244,0.9529107489734348
0.9166691979872735,0.8192629678399737,0.9466507471740672,0.9293987860164041,0.8932473048294531,0.9336413072047942,0.9253338862441388,0.9144438522370467,0.9338834061116943,0.9254276639420798,0.9180287997569954,0.899858456251245,0.8783614565859343,0.9410851617393192,0.9490494907008192,0.9474877709623791,0.9507615239742679,0.9485597517058746,0.9428343643432769,0.9361226581341334,-0.3485543871980139,0.43462405261027803,0.9275637196008096,0.8432802891503691,0.9336983123124869,0.7535370057919558,0.944291622375824,0.9394417428753785,0.8939274760771081,0.9438427022176534,0.9299281888308838,0.9141950363076576,0.8866365970395542,0.9406725969321532,0.043034832706132065,0.8854220043755894
0.9134011137046586,0.9489558741526,0.9420256499494292,0.9364868089849265,0.9531747294954755,0.9321684096964334,0.9384787300071545,0.832276683137786,0.9508799301521351,0.9466767381490756,0.9339712392730947,0.9516988810460368,0.9488623951072981,0.9131283154637114,0.9464279225442093,0.9286147786206553,0.9447937450391156,0.9488157088068184,0.9248883418379134,0.9474094405345737,0.8029909103815884,0.5024101396583214,0.9087445924557429,0.8864683705341806,0.9543499330953769,0.9184052767914279,0.9437517515036171,0.9433620568823603,0.9082781002505498,0.9430304781950724,0.9427391435534466,0.9359658481173149,0.9425779695470038,0.939852897689616,0.6527005250199549,0.8976064814949618
0.903144920695482,0.926839793308146,0.9495891358242774,0.9445477430535517,0.928124311801573,0.8943830640504161,0.8486610474204289,0.8679739983729233,0.9414309624971317,0.927844456606851,0.941199049195677,0.9195080553807994,0.9410021124546726,0.911327167603872,0.9097635276802745,0.8705336836973823,0.9437094681780624,0.9461285623291454,0.9030084005349371,0.9390616089724085,0.9021823640851458,0.5516813489500076,0.7788881607756812,0.09093508600872413,0.8947151537223934,0.9402290452798797,0.9325871957375058,0.9417317889475344,0.8866549399492452,0.9459937273462592,0.9028071743930766,0.9214838897370875,0.926054904526564,0.9290972485480965,0.7269318565175767,0.4349116233922027
0.9261318632481861,0.917262358268165,0.9502961918855359,0.9509764483717909,0.9340470185238623,0.9298535482822774,0.9539771413844826,0.9388680702181846,0.9301842097836137,0.9488426704883935,0.9081399393484109,0.9512401848736628,0.9503105663428476,0.9477707950779618,0.9387969594604257,0.9500807184685814,0.9512224430540139,0.9506721371580591,0.9299472669173102,0.9499010808313301,-1.7147998626925642,0.24527263277752365,0.8990494134850616,0.6652384262603243,0.9375145993842434,0.9509872610837856,0.9501776139941221,0.9410427211594053,0.9340598582797546,0.95079180511735,0.9409748988176232,0.937463006785032,0.9418821851850091,0.942767170725542,-0.7347636149575203,0.7821439198726929
0.9464924782513645,-37.712243940326914,0.9424871722940987,0.9330616617473818,0.9398032673377975,0.9453755316165405,0.9459350832230222,0.9450760307889977,0.7235608083292446,0.9103795825106169,0.9379220833258773,0.9412319069336209,0.9015726486916836,0.9449289962942903,0.9137881052821446,0.9496828492202568,0.9446716591610949,0.9442298366389935,0.9099647962261866,0.9040489747968856,0.13450834818138546,0.9280734531348942,0.9305044707600547,0.7809684025047807,0.9420752455885298,0.9363733893928401,0.9276755637393719,0.9030704097273322,-8.718685087015883,0.9411125824603923,0.9344247406133998,0.9342062333724026,0.8780972564553078,0.911189936122444,0.5312909006581399,0.8557364366324177
0.9450586964811615,0.9337658966005157,0.943476463670647,0.943467957245569,0.9244514937126451,0.8383002875276881,0.9310691153888835,0.9110413663273336,0.9404591407181963,0.9450047166247854,0.9125789240166821,0.8908646691829508,-0.05750969441028153,0.2490932862796248,0.9197222465943536,0.9325141428600712,0.9307706646898976,0.938757359881882,0.9504504491074025,0.9504359147612945,0.5183852585831431,0.8830340906795835,0.9382120955732319,0.939318681853837,0.9481344041870713,0.9527916106714782,0.9456002563867076,0.9399527808281756,0.9302337686994735,0.9391181113719989,0.9255626277223566,0.5666654945193328,0.9465974680503828,0.9466098502708951,0.7007096746313632,0.9387653887135345
0.8960921141003861,0.9405329815701651,0.9382441016188571,0.9492890762114646,0.9383526749439667,0.9377855557342114,0.8968170669236505,0.930616847190484,0.9460694702471555,0.9494325391774365,0.9401097503979432,0.9012001589712583,0.9146839015146776,0.5070412999847089,0.9360413164740529,0.9028574613033694,0.9491954032373324,0.9077058065304657,0.8993994157264845,0.8871307975142219,-2.2384957520025064,0.8987275419830683,0.9017711330211347,0.9168478205769846,0.9235594750913295,0.8871105083107151,0.9297484147006814,0.9249224994528317,0.9160147524461715,0.93610859689953,0.925750484240463,0.84016413332056,0.9265429982066592,0.9103002818485548,-0.6698841050097191,0.9093094767990596
