0,1,2,3,4,5,6,7,8,9,10,11,12,13,14,15,16,17,18,19,20,21,22,23,24,25,26,27,module0_mean,module1_mean,module2_mean,module3_mean,module4_mean,module5_mean,module6_mean
0.0026013505463408993,0.001956498577099525,0.006942420861452651,0.006942420861452651,0.004463295558109943,0.004740402738977278,0.0046421381389133085,0.006942420861452651,0.0033668662929367977,0.003975274434884671,0.005915335286458847,0.0053469131494092575,0.003115579906724106,0.0028095549857114896,0.005816687417177757,0.005375281806839585,0.0042806288440169525,0.0055890290023848386,0.0017885903162820945,0.0035981221783166805,0.0025717101588340775,0.005907837910540417,0.005328666293952485,0.003504483541727859,0.003935288429986385,0.003935288429986385,0.005328666293952485,0.001786369683200422,0.0040356020309515956,0.004962835672767543,0.005218421594042428,0.004385557213456195,0.00380317939694856,0.0026933562472993876,0.004239774034687248
0.012081132407069801,0.012081132407069801,0.0008288981973192499,0.0008288981973192499,0.0019975945457541607,0.0,0.012081132407069801,0.010757667048516724,0.005125430125430127,0.005870050460693736,0.0015475815957412104,0.004310915422026534,0.0005439005439005439,0.0008863564419119975,0.001386379899451795,0.006632979736694906,0.0001295001295001295,0.0019975945457541607,0.006632979736694906,0.0019975945457541607,0.012081132407069801,0.0019975945457541607,0.0019975945457541607,0.000271333604666938,0.012081132407069801,0.012081132407069801,0.0008288981973192499,0.0019975945457541607,0.011750266067431531,0.0011100389954234124,0.0033389847273002874,0.0014577508007160573,0.008789436350065866,0.004315287141224533,0.007039363476411981
0.0016621167248962226,0.004792915129701667,0.0074962234183345005,0.010706959467577075,0.009437622768839195,0.008311019371853964,0.0016621167248962226,0.002178333107985671,0.002515995478936391,0.009086082765001028,0.00446916934638879,0.006008640558202625,0.014830060171874358,0.0064562714796897545,0.008388475110379795,0.011263198766506432,0.014830060171874358,0.004950395148127412,0.0007582384044372348,0.012317693542720666,0.005572031921890354,0.005954712632228445,0.00816699418714449,0.008053788010986813,0.007358796664120684,0.0047895631119811485,0.010314887027596403,0.007097838216027731,0.002573870421869946,0.008952143205958598,0.009696432215241807,0.008015032185601898,0.005937609505009813,0.006537965973578951,0.005763372277059399
0.01216675806922162,0.006305570395565368,0.006693235074331102,0.009017188051878853,0.02358962774372528,0.006548308031465397,0.008868645180862377,0.014117753836205317,0.009176328903578779,0.005337796432567674,0.0010298659871309445,0.015428535488867311,0.015447727281563383,0.016179297910067142,0.013273355650178176,0.014316614385744603,0.008697119129497211,0.006147992139696514,0.008179826662732648,0.0017217666790316363,0.003622004357298475,0.0163843460600625,0.007350045026012849,0.0035022890540738713,0.012311955543478921,0.018167384167886932,0.01064659694624501,0.007823347862312166,0.01036468187046367,0.0074847266605059465,0.01705986592654935,0.010926746939818837,0.011248366261878077,0.004950796670882142,0.010003175208680487
0.002710409455114026,0.0057565058237377285,0.0013683212005103692,0.0035275105391868885,0.003280760612949781,0.005074315063509064,0.0057565058237377285,0.0057565058237377285,0.0057565058237377285,0.004185220652147445,0.003503029891918782,0.0057565058237377285,0.0013683212005103692,0.0035275105391868885,0.0023020122657803816,0.0023020122657803816,0.003280760612949781,0.0035275105391868885,0.0,0.0017964281063500682,0.003138473918266209,0.0006814342817393923,0.003280760612949781,0.003280760612949781,0.0023020122657803816,0.0057565058237377285,0.0013683212005103692,0.0008231703883877797,0.004994981731581803,0.002557139463328955,0.002628261714836848,0.0038459365037725665,0.0045000611413508204,0.0008982140531750341,0.0019099541000028005
0.017245796011904343,0.010977851682979888,0.006679589040468615,0.009052208507105176,0.009115109035063521,0.010538151632922876,0.009052208507105176,0.005063206722331912,0.01456052181456378,0.02734574624508736,0.008523890964816053,0.003113046665082864,0.02118249717082773,0.01349838008500124,0.01152063864482165,0.006408489421309935,0.009052208507105176,0.009052208507105176,0.01923228688728411,0.006988339668078231,0.016057280042091244,0.005591760746757968,0.004594936220521677,0.011425094280800668,0.010431230021873296,0.00890511243240729,0.00775661984349238,0.009029892685392674,0.01058476573108033,0.008330344698998942,0.009014745700398369,0.011371193303730152,0.015310652628482932,0.01311031327768117,0.010824520394424606
0.00312017865524394,0.0019003769014986317,0.003127529023791419,0.003128504957112068,0.004058689462175799,0.004058689462175799,0.0021534529543682855,0.0033397031394743065,0.004058689462175799,0.001872702355794143,0.0028571713524451294,0.004058689462175799,0.0023088808621480883,0.0019826916216440747,0.0033397031394743065,0.004058689462175799,0.004058689462175799,0.004058689462175799,0.0032595521641826664,0.003517541578032747,0.001019645947182179,0.0015647967593047684,0.002165100016612857,0.0008896095852617592,0.00300679901287879,0.0024895693289824395,0.004058689462175799,0.0031080575682436258,0.002628427912646291,0.0030743586921936406,0.003819027354608635,0.003053224552117778,0.002856940039957793,0.003388546871107707,0.0012922213532434736
0.00023741690408357076,0.004146733146448974,0.0024294175402444795,0.004574083573799402,0.004141571909403679,0.0008628649932997758,0.0026909751547432707,0.0018430473886569367,0.0024294175402444795,0.004574083573799402,0.004574083573799402,0.0018430473886569367,0.002192000636160909,0.001928238160122218,0.004574083573799402,0.0008628649932997758,0.0024294175402444795,0.004574083573799402,0.002258463490347548,0.00024257814112886575,0.002192000636160909,0.003987713422211859,0.0026909751547432707,0.0026909751547432707,0.0026909751547432707,0.0026909751547432707,0.004574083573799402,0.001996905875848757,0.002229543148483188,0.0032449927484028084,0.0031928401588342853,0.002280046950407848,0.0030963628558826053,0.001250520815738207,0.003089857029186384
0.004320391124061311,0.00504779604194809,0.004182576964059328,0.006620932419006035,0.004182576964059328,0.0028654213449535084,0.008204069874441125,0.005259690779986619,0.000508627175293842,0.004068616850099215,0.004182576964059328,0.0027972869286938774,0.001674763145351381,0.006411779432075271,0.002141929182692857,0.0005516856978845283,0.001439855230704904,0.008204069874441125,0.0009516277146136106,0.004182576964059328,0.004182576964059328,0.004182576964059328,0.007831109501480752,0.0014095962135177824,0.004123119678675235,0.004894639976339323,0.008204069874441125,0.004182576964059328,0.005707986955109286,0.005259348380213797,0.002292063948212238,0.0035863655630266737,0.003398750920101904,0.0025671023393364694,0.004182576964059328
0.0,0.0017014878125989241,0.0,0.0,0.049911816578483245,0.0,0.007573599240265908,0.029653371320037987,0.0,0.0,0.015189029077917965,0.009507981730203953,0.001313706869262425,0.003877809433364989,0.009558856781079006,0.009558856781079006,0.0,0.0,0.001313706869262425,0.005630172296838963,0.027107357662913212,0.03372450594672817,0.14027608194274863,0.0030151946818613488,0.0030151946818613488,0.10944353999909555,0.0030151946818613488,0.0,0.009732114593225705,0.018288308913308914,0.02300984338021375,0.005977705422149866,0.028114683670239223,0.003471939583050694,0.03041593180482069
0.0009962876629543295,0.0004605887939221273,0.0013646230312896978,0.0013646230312896978,0.0013646230312896978,0.00113670280336947,0.0013646230312896978,0.0013646230312896978,0.0013646230312896978,0.0013646230312896978,0.0009847559847559846,0.00113670280336947,0.0011319544652877984,0.0013646230312896978,0.0009847559847559846,0.0013646230312896978,0.0013646230312896978,0.0013646230312896978,0.0003418803418803419,0.0013646230312896978,0.0013646230312896978,0.0006980056980056981,0.0004653371320037987,0.0006980056980056981,0.0013646230312896978,0.0013646230312896978,0.00113670280336947,0.0006980056980056981,0.001046530629863963,0.001057067932067932,0.0012380006824451268,0.001150947817614484,0.0013646230312896978,0.0008532516865850198,0.0010313143646476979
0.0009971509971509972,0.0035008715564271123,0.006018222325345717,0.019432277406067462,0.006018222325345717,0.013722795587194518,0.006018222325345717,0.009528995560061159,0.006018222325345717,0.011813455898357063,0.01222470944693167,0.023190295560370444,0.0033915195507902766,0.02200151520492342,0.0247403517312358,0.011741511969410147,0.003361524796853315,0.004640270212099484,0.00362414821479149,0.0010922647661553747,0.0007589010512987121,0.005724572030041587,0.002905928479477737,0.003361524796853315,0.006018222325345717,0.0029025187822917446,0.003361524796853315,0.015508493595868898,0.0050113101097462465,0.007323720801177406,0.01416669534199722,0.014906167070042067,0.00668810483283506,0.0023582064904734325,0.0032417365406701495
0.0021067654601432486,0.0007272454640875694,0.003897590675196455,0.013173657777200951,0.0184288433491286,0.013607020832947639,0.013301961605459791,0.013893798962003032,0.008700711398774428,0.012093054922696899,0.0017636684303350971,0.000828281530035916,0.01585436900624379,0.014395617373178168,0.014903569083135646,0.005108948912698483,0.01108166377972681,0.01108166377972681,0.010156976597729687,0.008116945483646552,0.007649618120034357,0.0006538765353694835,0.0034721705946336155,0.008431399818568722,0.008700711398774428,0.004437639080146555,0.005566901692632687,0.010030570500986739,0.00750744287292341,0.008341952327334099,0.012813787114987575,0.009289791434548122,0.008483029200098078,0.009136961040688119,0.00415174732770192
0.0015368014425761094,0.005431583863330322,0.0068729600377778624,0.005521427249196571,0.0068729600377778624,0.0043692167640761335,0.0037580425656060183,0.005431583863330322,0.0068729600377778624,0.0016337869408044848,0.0049642331978504714,0.0034295860967986716,0.004026249644627841,0.002410921907339849,0.004206055340915493,0.0030384963739236034,0.0017424455035693275,0.003957171049908221,0.001994500390613222,0.00513082166423254,0.005216530429213342,0.0027082235263415967,0.0056285415657125965,0.004853544957382656,0.00488195938208191,0.006129835391144443,0.0068729600377778624,0.003013723245435304,0.0040395029337106925,0.004807846705845051,0.0047058372508723195,0.003840041522138593,0.004879635437952176,0.003562661027422881,0.003962376977777469
0.0011212534479087479,0.004440114972226367,0.001142979403848969,0.004440114972226367,0.001142979403848969,0.002929491729576981,0.0023431215779894385,0.004440114972226367,0.004440114972226367,0.0025522522219026907,0.004440114972226367,0.004440114972226367,0.002653602646498356,0.001839300201761128,0.0020491254506599774,0.0008896095852617593,0.002653602646498356,0.004440114972226367,0.003853744820638824,0.0016295637992142678,0.0019355558926459748,0.0023431215779894385,0.0019146073422856603,0.002929491729576981,0.0022763631388240655,0.002653602646498356,0.0033977907308398924,0.004440114972226367,0.00308615124258773,0.00316985209621612,0.0013605714799235686,0.00326052490445784,0.0029805832448628698,0.002741654309926546,0.0021393387353177066
0.0025167532413909225,0.0019016276262653073,0.0025167532413909225,0.0025167532413909225,0.0013484904789252618,0.0016369298977994629,0.0025167532413909225,0.0012246878188907173,0.00199089691843315,0.0025167532413909225,0.0010894902199250027,0.0014841572812587306,0.0025167532413909225,0.0025167532413909225,0.002036758196178486,0.0021498362078072224,0.0025167532413909225,0.00199089691843315,0.0020367581961784863,0.001902096829633061,0.002139044530348878,0.0025167532413909225,0.0025167532413909225,0.0021498362078072224,0.001636460694431709,0.001902096829633061,0.0015962298570994223,0.0015962298570994223,0.0020399554819844675,0.0021750257257503636,0.0018450282943036566,0.0018488167763530082,0.0020115519209722107,0.0019694275129057736,0.0023278988858699
0.0006418702070875985,0.0005067396371744199,0.0014398546053771073,0.007516596793230405,0.007516596793230405,0.0014398546053771073,0.0014398546053771073,0.006182111858440362,0.0010569846572897675,0.005092152435147606,0.0014398546053771073,0.0014398546053771073,0.0014398546053771073,0.0014398546053771073,0.0008952400256748083,0.006503315078194303,0.0014398546053771073,0.006060189539721704,0.0001295001295001295,0.007516596793230405,0.000803614838702558,0.007516596793230405,0.0009014066985081478,0.0014398546053771073,0.0014398546053771073,0.0014398546053771073,0.0014398546053771073,0.006503315078194303,0.002192644077019872,0.0033426158163953738,0.004971717299033173,0.0014398546053771073,0.002257211575797897,0.0038230484613652675,0.004160105815966482
0.007603992194238548,0.003753100334296915,0.019305491075224612,0.0016085263822820382,0.009219588160010483,0.011317180761625207,0.006958249467047858,0.007542839355307933,0.004900391212608408,0.011745877532705085,0.017340109195312814,0.02041713663131461,0.011969880760730434,0.031666154730508676,0.008924594715193005,0.01809521712110953,0.007103862005822792,0.03297749770851832,0.0016085263822820382,0.008970134384915682,0.026231795223750975,0.006613233190659032,0.010611157179784631,0.002760819427486094,0.021899252963858293,0.014362736773495947,0.007411835924907821,0.0032631553873383947,0.006464545337722814,0.010630293136420589,0.012079799998771006,0.018542092415898347,0.013227064620666935,0.00528933038359886,0.016422514207205002
0.007603655026983333,0.0003258663389382344,0.016760413115365354,0.0011613912129246468,0.012436629530646627,0.0069866466233987614,0.00888750492194434,0.007100280591984968,0.005636454769184784,0.044906712842861664,0.022452860901830234,0.016842833069580183,0.010974377000018026,0.026277099341453287,0.012341168644587446,0.016334560873273795,0.011735170495854258,0.02701323405194697,0.0003258663389382344,0.013923743612029181,0.017813035334402857,0.004248016521772178,0.006965494144981325,0.0022250383361494476,0.0341699503966975,0.003335853763204191,0.00782323880614479,0.0009712509712509714,0.005979326719962719,0.009331903891827222,0.013704119682835955,0.016706763387256098,0.022012242942987037,0.007124804975483708,0.011030525928087518
0.006225968927075011,0.014746235460162056,0.011871743696781406,0.01434267927480597,0.016186584443246083,0.001241556797112353,0.007800225629536841,0.005015458955881279,0.009768474593763685,0.015174235341404772,0.00826284072890408,0.015499586628294518,0.011752754582065794,0.01117450646108263,0.004243288739266617,0.01673209897191797,0.0063229082334160264,0.0063229082334160264,0.013249245168551353,0.005231600838689828,0.013068265179879059,0.011521662470631801,0.0031627639533622445,0.005501004218952937,0.015053048361243434,0.012163385001494604,0.01638886712416124,0.004027384036182428,0.008446972243163797,0.008492532346384784,0.01238732405147689,0.009586249039491877,0.013039785824476622,0.009240423003620591,0.012294963825255429
0.0,0.0022158911047799944,0.016367661041657496,0.011177884057008714,0.012931775567059097,0.00561455226190216,0.023196771729491163,0.013343567126875323,0.010257344901175441,0.010608051863244901,0.001388067828490151,0.005586125109292002,0.006690871183078321,0.000755037934525114,0.008904933091247293,0.002076987839470971,0.009125747414625717,0.0035873847211202667,0.0040541762763985,0.004508058156413585,0.004508058156413585,0.008904933091247293,0.007627698882891919,0.006108004335756977,0.01106465445659963,0.014757258149203317,0.00700586154662522,0.00700586154662522,0.009689057490286621,0.008500762943288942,0.007971232165925787,0.004006930863457549,0.011671827342555821,0.0042811172164060425,0.0067064956238304385
0.0025982268520174374,0.0031424525408312665,0.00803188616031966,0.00803188616031966,0.005782801177911931,0.0020726682882124775,0.004079402905886208,0.0029039564690018617,0.003624847136199045,0.00803188616031966,0.007567526627332677,0.00679410052082462,0.0017108043943568389,0.00336272379851884,0.00212907711655113,0.0063546464865993435,0.00803188616031966,0.0074724546321619685,0.004160120453064022,0.0057542762326970205,0.004628605791581104,0.003285019939160619,0.005377439930022038,0.001818304648055923,0.00803188616031966,0.0044917900829792665,0.004786241673705103,0.002695218252867705,0.0031810096919341934,0.005780664702221465,0.004755508260354135,0.004301564725849091,0.006045102384954409,0.004957198342880521,0.003956812865370861
0.004108009611965581,0.0035111349356574534,0.008623809907558165,0.008623809907558165,0.0029924590428845525,0.0035315840746136433,0.0030960204854552837,0.0005185367504208084,0.008623809907558165,0.0013617156637751606,0.006192167438562083,0.00564479478974016,0.008623809907558165,0.001096548731941562,0.0009336512006229779,0.00337605879831542,0.008623809907558165,0.008623809907558165,0.0032294414111944856,0.0025628095999118312,0.008623809907558165,0.0035111349356574534,0.0,0.0033934235196210394,0.0037650954192360994,0.004934771816810674,0.007975773027637228,0.002103327598197552,0.002808425445874782,0.00599597047196106,0.002434056347274317,0.005017780988483123,0.004671348201845026,0.0028961255055531586,0.006067472421607809
0.0008750508750508751,0.004617758784425452,0.006250876286069849,0.006493539280115449,0.011664968785381053,0.01426738494360415,0.016860411575092323,0.0108945304458125,0.004892243624018385,0.006250876286069849,0.0027009513120624233,0.00314915053477145,0.01169615908178,0.000945994818543838,0.006250876286069849,0.012589907625101187,0.005116710515151943,0.00432565335154576,0.007350989791914881,0.006493539280115449,0.005869471989381491,0.00578147784658594,0.0066026047486580424,0.0009768009768009768,0.0037664344853887335,0.0037664344853887335,0.004206157090772476,0.0048302243815064325,0.008311937920095287,0.004850320828827616,0.010168584232184029,0.006551928138152372,0.004668997220216425,0.0069222645360151654,0.005825474917983716
0.0027497437585156884,0.0007773707773707774,0.002977663986435917,0.0017249774267318128,0.002977663986435917,0.0019861143837752024,0.002977663986435917,0.0015479262993882874,0.002977663986435917,0.0017249774267318128,0.002977663986435917,0.002135815776166653,0.0027497437585156884,0.002977663986435917,0.0027497437585156884,0.002135815776166653,0.0022631007718727017,0.002135815776166653,0.0014212525616034385,0.0008831292164625498,0.00034662867996201326,0.002977663986435917,0.002977663986435917,0.002977663986435917,0.0007773707773707774,0.0014706021723565584,0.0017249774267318128,0.0017249774267318128,0.0020131762054276673,0.002313355098442818,0.0026210745070394197,0.0025654003782658755,0.0017376535907237664,0.0011521908890329941,0.0016621463331989651
0.005705139214771139,0.004476672119430978,0.0069757640148077026,0.010683527444793353,0.002338253740042526,0.0055693219048912205,0.008893612752666497,0.0030308981825215844,0.00894715589186495,0.006094842354136896,0.009406525006800203,0.011111519995248923,0.012878041031900414,0.011995744316270368,0.008149989845036286,0.005263401793329551,0.009036429936247354,0.008673423112707598,0.005076974295505162,0.001988614209116445,0.006472156059359362,0.0031893231259482483,0.010216998879974192,0.004780272691614016,0.00894715589186495,0.00540668032696558,0.005154185658141627,0.0004205670872337539,0.00552658056734755,0.0069926461031899504,0.005250548459469454,0.010192230451022227,0.007348958616208093,0.0035327942523108035,0.004830739592653805
0.005238566469415084,0.00784402643410079,0.015233970841787518,0.014656327651485227,0.006375955094234578,0.001604706209969368,0.005614704678635245,0.0012584565990138746,0.014656327651485227,0.0017132396518361433,0.0077248175793464356,0.007067847011219773,0.01665544938744907,0.0034650372369670617,0.0032554362275724505,0.008112981669516293,0.01665544938744907,0.007807696203412116,0.0015575826741183571,0.003901036646928526,0.01498385441983124,0.012165874385053553,0.00030822545442428485,0.004781292282946116,0.007287309116448328,0.007265585950325703,0.008611542812476898,0.0021739082497596427,0.004988938545291249,0.00877855161046761,0.0059147909971077745,0.007303571484990341,0.007730615592523851,0.0027293096605234416,0.013574864402442398
0.0072524428280428405,0.010213914552249077,0.006265805048584016,0.010213914552249077,0.00028561432070204,0.005998104540416201,0.008666060615929633,0.006477359547534986,0.007942594545886333,0.007942594545886333,0.001977839555238936,0.006265805048584016,0.002024137453538634,0.0013604085972507027,0.008754839067281183,0.006265805048584016,0.0011824929265589743,0.005470458419904055,0.00234379817713151,0.0026148587313944145,0.005749584088341994,0.010546123245906263,0.009360741719967461,0.003562332728999396,0.006483519060918441,0.001977839555238936,0.014719594057928581,0.014719594057928581,0.008152444385939135,0.008186866689015018,0.005102086145522413,0.003525259039005698,0.006086636926982511,0.0024793284542629626,0.008147853667124129
0.0033241352123493375,0.006624423875885865,0.005737986293541849,0.0020112603445936778,0.0025415725708123373,0.0033241352123493375,0.0033241352123493375,0.005023525856859192,0.006979327756430769,0.011062179061504298,0.011062179061504298,0.006979327756430769,0.002548994215660882,0.0012572304238970902,0.004629928184808978,0.0025415725708123373,0.004574416270322704,0.004574416270322704,0.00289678478499891,0.010296443281148634,0.006979327756430769,0.006979327756430769,0.002808960045802151,0.003797951020173243,0.008712779489882503,0.007243425298980854,0.004574416270322704,0.005737986293541849,0.004574055039360933,0.00422717410107761,0.003237691108811218,0.005034373333968475,0.008499427901699606,0.006596614033073772,0.006979327756430769
0.0026178427368956977,0.007982163107765249,0.008623976516550433,0.0026476399591892933,0.008623976516550433,0.003988351531129718,0.006167452519514145,0.007171652870119726,0.0038667291829851814,0.004343160376429167,0.005962281655323938,0.005962281655323938,0.007097750164638071,0.0060935498140324935,0.007148752298808157,0.0017644310237554775,0.008037143864500391,0.004495609888140661,0.0016239243800901567,0.006641429861661157,0.00301745907884303,0.005644762333567352,0.004032646925177699,0.003763945680758172,0.0034580534971702407,0.007171652870119726,0.005879749267149995,0.0014707757229556187,0.005984777808573705,0.0048689359780527824,0.0058457199463713555,0.005820842964089632,0.004709898981676079,0.004132677120875657,0.004331110706205191
0.0042139982463938125,0.0033559419961807003,0.004656220246327967,0.0025272665005871557,0.01574634490482869,0.0,0.005348038349943566,0.014794209881333797,0.0019592516934016464,0.0002477393781741608,0.017542336978598538,0.015010928476853189,0.004656220246327967,0.013585713016550009,0.0031560047755242603,0.004277653037695399,0.007095993198921432,0.0013610051973223332,0.006913231380409558,0.007095993198921432,0.0019592516934016464,0.00651307701498223,0.0022240112953711665,0.0019017855837900409,0.005640239857798559,0.004656220246327967,0.006012251837402292,0.005640239857798559,0.006928047118462969,0.003927346714690119,0.007726667572682783,0.010159039743665941,0.0031258627939255833,0.007004612289665495,0.0042361643541919385
0.002315118444663321,0.002719441217407147,0.001475085075390186,0.001475085075390186,0.001475085075390186,0.0016226010854792955,0.002719441217407147,0.002719441217407147,0.002719441217407147,0.0018708096670212104,0.002719441217407147,0.001475085075390186,0.0006264535250042496,0.0006986840320173654,0.002719441217407147,0.0018708096670212104,0.002719441217407147,0.0006264535250042496,0.001181170088492743,0.002719441217407147,0.001185001915996068,0.0008011481695692222,0.001475085075390186,0.0018911833239318619,0.002719441217407147,0.002719441217407147,0.0021523419184237896,0.002719441217407147,0.0026183605242211905,0.001816764553543094,0.002021778653272848,0.0014284529870596486,0.002507283329810663,0.0019503056529499448,0.000993075042782645
0.0026552107861149694,0.007137948146720079,0.008240855196479553,0.012823367617498495,0.012823367617498495,0.009555276101543733,0.0018524468816866482,0.002852657032223596,0.007292684309037409,0.006122027862323172,0.004866857524236264,0.007292684309037409,0.010029763796202898,0.0002611585944919278,0.0077216419900524615,0.0034398324732002055,0.011296585814658902,0.002897314021325029,0.0012966295130037821,0.004281348166797084,0.0024732065065742404,0.0024732065065742404,0.008975404180611771,0.002846149532860655,0.010940841977662916,0.002251200875211883,0.00697047565349542,0.00642102510404487,0.0036245657116863233,0.007558897140121838,0.007994947360250387,0.006401148065102447,0.006651688756058845,0.002788988839900433,0.0024732065065742404
0.003507067344356646,0.008707785926568175,0.006537954842776097,0.01083049307064284,0.004621080450973812,0.00045817297279285583,0.007717268178092184,0.010974178297747402,0.010512686424279133,0.004621754552955102,0.006708811614080064,0.005135109958679062,0.010512686424279133,0.0035805220273744526,0.006005104830221921,0.0017724118687310983,0.007603678732717392,0.0075788064856229225,0.012826562176275076,0.004060104141803488,0.001350831480690442,0.0005033952402373454,0.006005104830221921,0.014286674386301282,0.005878226234263386,0.012827542225414736,0.002051627868621333,0.002311536900460189,0.007726574936691101,0.007150734639670498,0.004132865716642277,0.005279060599441113,0.00846005235922809,0.008443333159039283,0.0009271133604638937
0.0008943108190053345,0.0006444173110839778,0.004369439465801837,0.0016379826067087703,0.0009385845388896498,0.004369439465801837,0.0025235810323529628,0.0016379826067087703,0.0032195397329061533,0.001519274154666985,0.0015928353647651895,0.004369439465801837,0.0029444917689243175,0.0027661591734818285,0.004369439465801837,0.004369439465801837,0.0032195397329061533,0.003410901327776521,0.00028490028490028494,0.0032412628990287798,0.0027661591734818285,0.00364173700053936,0.003410901327776521,0.004369439465801837,0.002261001594880837,0.003410901327776521,0.004369439465801837,0.0032195397329061533,0.0014250729422877614,0.003500897890684954,0.0032258211568311087,0.003208473047755002,0.002602679202557624,0.0017630815919645324,0.0032039480870105943
0.0038706149817260916,0.0005958771055389413,0.00025336981858720993,0.0024535468854653434,0.006335907591497545,0.0024535468854653434,0.006925618024203148,0.006925618024203148,0.0024535468854653434,0.0018638364527597416,0.0011396072545322483,0.0011396072545322483,0.006925618024203148,0.0026609193275859942,0.0024535468854653434,0.00603938058825811,0.006925618024203148,0.0024535468854653434,0.006925618024203148,0.0015673094495203051,0.0011396072545322483,0.00418717085383752,0.0024535468854653434,0.0011396072545322483,0.006925618024203148,0.0024535468854653434,0.00025336981858720993,0.00025336981858720993,0.004579432033917832,0.0020232469238616315,0.004942945021740332,0.0028638597492637967,0.003424137061973394,0.004246463736861727,0.0026633890541848844
0.012246257922477128,0.016561688999240265,0.018080626321345016,0.007394294856587467,0.01162454516063841,0.01150335352989424,0.013739433573521054,0.02130793594634192,0.004094073565310103,0.005628872923996102,0.008915873648548095,0.011328699031458948,0.009499180441005214,0.004322967811298367,0.0053836473976189795,0.009036493318795984,0.011008489894004964,0.011159023447002064,0.008100229147237695,0.00628844967874102,0.005074657387377347,0.012246045794708178,0.003431503927984572,0.008505389489949305,0.013801292542262615,0.011328699031458948,0.009802396116267145,0.004939155448205221,0.01596382911039509,0.00929010993766822,0.008681561959017791,0.009114014892440974,0.008713234515756941,0.007194339412989357,0.008660351591042764
0.0016686745319655387,0.004328252460125934,0.01387580924280484,0.011622826141868518,0.007149831629909703,0.004000779577348878,0.011425586410371148,0.006825301403418692,0.006555320298384264,0.00980149012952142,0.006150291567166759,0.004079096412257746,0.005131245222183023,0.005355777980255512,0.005951795978234295,0.007025757213014245,0.007595591034482051,0.004091072490999204,0.0006359048842708975,0.002733932103071063,0.008906516696112908,0.007932123929980562,0.006922646534303554,0.007407686854225195,0.007452238609789349,0.010973288710425343,0.005063317989388493,0.0045230291493060515,0.006061953701470328,0.007637747429672237,0.006709128273719414,0.004943438151842384,0.008695584437030094,0.0016849184936709803,0.008419320313046735
0.002569579665647512,0.0010060449430934469,0.006040234647575019,0.011215789795015009,0.02229374434330641,0.01830424331846628,0.007888673314303755,0.012463213999955553,0.0038271526661619536,0.01109532139109287,0.009182105735187159,0.010605237795574117,0.014500139981074592,0.02458850840277635,0.012760206791523773,0.012887671128389818,0.005063528248942767,0.00915468758771397,0.002595362558052087,0.021807238796072118,0.008108222972873285,0.006530125292859805,0.009498975350302388,0.00273000158158,0.002569579665647512,0.010224748794778696,0.006932392630376278,0.00991054495493383,0.005981877980750067,0.007568269349554908,0.015980540754406667,0.015436047046615697,0.006929200629420258,0.012201300677062103,0.007319174132866545
0.005643157964541132,0.004599356628342135,0.0018962875510040523,0.005115679538511981,0.0018962875510040523,0.0018962875510040523,0.0018962875510040523,0.0018962875510040523,0.004599356628342135,0.004599356628342135,0.0015190480433297621,0.0017823274370439381,0.004071878202312985,0.00073377776276327,0.0018962875510040523,0.0018962875510040523,0.0018962875510040523,0.0018962875510040523,0.0015037618915066159,0.0018962875510040523,0.005081271291543348,0.003533608098825491,0.005270197591580758,0.0008511151531746498,0.0042221171206678456,0.0004752467071307651,0.005643157964541132,0.004413792458542014,0.0035087724237228427,0.003372850669920336,0.0018962875510040523,0.0020006637992908017,0.0034740192711207206,0.0017000247212553342,0.004307439695184419
0.0009711946668468408,0.0018561792474835956,0.0018561792474835956,0.0014897314172676495,0.0018561792474835956,0.001236361598680439,0.0018561792474835956,0.0013531825126028023,0.0009604029893884964,0.0007225731863413023,0.0018561792474835956,0.0018561792474835956,0.0018561792474835956,0.0015000538913582393,0.0008365333003014163,0.0018561792474835956,0.0018561792474835956,0.0018561792474835956,0.0009660334298015456,0.0013376424970627868,0.0015000538913582393,0.001112491909593359,0.0018561792474835956,0.0018561792474835956,0.0018561792474835956,0.001618349444436401,0.0015000538913582393,0.0015000538913582393,0.0015091839186042086,0.001721341929675263,0.0015162972650895358,0.0016609906464978932,0.0012893762169124488,0.0011518379634321663,0.0013062729004757992
0.0011275713839816403,0.00010957703265395574,0.0011275713839816403,0.00046095405069764044,0.0011275713839816403,0.0007477043374479272,0.0011275713839816403,0.0011275713839816403,0.0011275713839816403,0.0011275713839816403,0.0011275713839816403,0.0011275713839816403,0.0008779444676880576,0.0011275713839816403,0.0003469939367375265,0.0011275713839816403,0.0010179943513276848,0.0011275713839816403,0.0011275713839816403,0.0007477043374479272,0.00046095405069764044,0.00046095405069764044,0.0011275713839816403,0.00022353714661406973,0.0010179943513276848,0.0011275713839816403,0.0011275713839816403,0.0011275713839816403,0.0008730727961497191,0.0009175428085684495,0.0008673789015669356,0.0010016725914161813,0.0011001771258181514,0.0009376378607147838,0.00046095405069764044
0.0017083188616294613,0.0030968673480750776,0.007561141915062735,0.0015155384021389615,0.0030948263376360473,0.00598185397956565,0.003983567872456762,0.0012802786714334552,0.0015155384021389615,0.0015155384021389615,0.005765864465068784,0.006422373817230311,0.0015155384021389615,0.0019560582398036224,0.005578245242623579,0.006422373817230311,0.0030948263376360473,0.0030948263376360473,0.0065564211035786385,0.002688809023406173,0.0030948263376360473,0.005803885577969124,0.0028085294827117414,0.0030948263376360473,0.0015155384021389615,0.0012417211946833102,0.0030948263376360473,0.007561141915062735,0.002517258188398689,0.003978207133190045,0.005031815132496645,0.004328337780761466,0.0014470841002750486,0.004622615063492406,0.004449355957802586
0.000135666802333469,0.001483564250536028,0.004261301739580442,0.004261301739580442,0.0020343455030716667,0.006667218045300935,0.0008329288776784328,0.007446736880375323,0.004261301739580442,0.004261301739580442,0.010709997077164668,0.010709997077164668,0.004261301739580442,0.007446736880375323,0.007874110944286384,0.009891348915521337,0.0025999738636776674,0.004261301739580442,0.008897098042043411,0.00014245014245014247,0.004261301739580442,0.0027985607061974454,0.00025336981858720993,0.0061438543038429385,0.004261301739580442,0.004261301739580442,0.0014800419602920313,0.0023054124580051505,0.0024747242027308132,0.0031958197028932904,0.0065999351209597955,0.007959050163917207,0.004261301739580442,0.004519774092246777,0.003529931222888944
0.003991629890322701,0.0017980839059270433,0.012226822610578001,0.01019295113226208,0.006281938630249076,0.003830525562551706,0.0019524048935813643,0.001798083905927044,0.004942543569134557,0.01103524911508294,0.006432568682839912,0.006787921577157108,0.012226822610578001,0.009197703153605354,0.008316592801655382,0.0076609031753775226,0.0031106602185033555,0.0037445780800680114,0.006548908593046085,0.012226822610578001,0.007641690981308879,0.006886612525521259,0.0012578598190913293,0.001773211658832574,0.006438960676411393,0.012226822610578001,0.004942543569134557,0.004015762927276251,0.002385050648939538,0.005158048751968271,0.00741981153576066,0.0076951083173464165,0.008660893992801722,0.009387865601812043,0.007264151753415069
0.009326023601578628,0.009590263035858547,0.029482789912191092,0.02342858770414273,0.008558643252750315,0.010402819550169449,0.006444535036329378,0.012166416826587239,0.011191064396192602,0.015611572662854711,0.015356353670370235,0.014256738535667382,0.008731320910808091,0.02773102395102342,0.017634967246978044,0.010774332754764604,0.005377914097913568,0.007923093966728694,0.0008309591642924976,0.0035170906965778757,0.0015319025595943382,0.009326023601578628,0.0011836911002717676,0.0010560887022875328,0.005185130758680017,0.01358277508055233,0.004372295784602949,0.00032586633893823437,0.009381809625088448,0.009143790950884571,0.012322647751497655,0.015295651323607714,0.011392635724569916,0.0021740249304351865,0.005428963080586483
0.006961899110469682,0.0037004756411493467,0.0029870985779569953,0.006807803655862719,0.0044687067119426795,0.005573823375988718,0.006447641997706828,0.0018082667811209114,0.008173705370435557,0.006435970217667724,0.0057967897883917695,0.005910749902351883,0.001542244342755852,0.0034606567312537103,0.005281277704252235,0.00580919907807607,0.0029366131645113414,0.007329843922858939,0.0036871286599827902,0.003285663780533735,0.0031133711417808277,0.0067136905289277675,0.004594390785481258,0.004052081226186978,0.008173705370435557,0.007869811733208585,0.004189193197135047,0.0024893371027141097,0.004729570882611692,0.004423295204088423,0.005186394498090329,0.0044568528281483865,0.007663298172936856,0.0034863962202582627,0.004913530835354297
0.00363886109235531,0.004817107877691087,0.004334593399450112,0.00569720114717601,0.00885259206651866,0.001872296744091616,0.01160053844820059,0.005238137930445623,0.007538036000831376,0.002259136409463207,0.014025393261190141,0.006909532751664476,0.017759525495825143,0.006142210070063261,0.006671487321311352,0.014768019952786164,0.006151810268200415,0.007682284756191239,0.012840502653222612,0.018665131862718586,0.011582552319103349,0.00666586011608636,0.009866666534590115,0.0010064282123105651,0.005498522435425402,0.01197421905692393,0.010895173853947109,0.011513414429452641,0.006323661337173153,0.0071434465751647755,0.010097366446872058,0.009341791664566928,0.0068174784756609794,0.0157528172579706,0.009124206217594855
0.00024257814112886575,0.004584840816724876,0.004584840816724876,0.0008854537840045087,0.004584840816724876,0.004057362390695726,0.0035331951998618678,0.004584840816724876,0.0008854537840045087,0.004045565277449336,0.0008854537840045087,0.0008854537840045087,0.0008854537840045087,0.004584840816724876,0.004584840816724876,0.0005133755133755134,0.0008854537840045087,0.0008854537840045087,0.0001295001295001295,0.00036128659317065116,0.00036128659317065116,0.0008854537840045087,0.0030151946818613488,0.0008854537840045087,0.004584840816724876,0.004584840816724876,0.0008854537840045087,0.0008854537840045087,0.0032363637436101213,0.0016140947753266594,0.003227685715608422,0.0022597129118868257,0.0035251751737258993,0.0002453933613353903,0.00062337018858758
0.00279913563700076,0.0009464948137717016,0.00279913563700076,0.00279913563700076,0.00279913563700076,0.00279913563700076,0.00279913563700076,0.0019570456282440845,0.0017011008315356143,0.00279913563700076,0.000518000518000518,0.00279913563700076,0.002549508720707177,0.001310911310911311,0.0020710057422041986,0.001674624708568263,0.0007693165664180158,0.00279913563700076,0.00279913563700076,0.0017011008315356143,0.00011396011396011397,0.001674624708568263,0.0007693165664180158,0.001310911310911311,0.00279913563700076,0.00279913563700076,0.0015233713272928963,0.00279913563700076,0.0021254529290043265,0.00194618228988041,0.002181588695924407,0.0019953383647241052,0.002524626935634474,0.002250118234268187,0.0008942924112641885
0.0023277812149501173,0.0026993259211247622,0.008007520574004655,0.009125142765427488,0.00840585148687607,0.007100395681671647,0.005937777583804416,0.006289683759848613,0.008979426286126293,0.004317425589355416,0.011842417623225222,0.010342194075093441,0.006995648915682786,0.0034748878077977595,0.007723175507502465,0.007625373407900995,0.008927711866242206,0.00519241275142151,0.011067883515357783,0.008540708671692238,0.007156216676340515,0.0020568641311675367,0.010242107596967219,0.005184348347072276,0.007529362002980059,0.006017739056359362,0.008927711866242206,0.010242107596967219,0.004313642119931977,0.008231132920543099,0.00791813346742651,0.00795110882069417,0.006710988233705283,0.009804296093525011,0.004606540403754026
0.0017193316338615485,0.017026536953569846,0.009213338755756261,0.0017756530312429864,0.005011485901777241,0.010790528580809337,0.013529934338460179,0.01001383979672461,0.0061682407161489485,0.006696709341188184,0.008610949398107715,0.012733873673978461,0.0030090417772008628,0.008610949398107715,0.008091340598419003,0.01001383979672461,0.006435427212530226,0.008947356637944343,0.0015447219523586912,0.009849029774408836,0.012946663416682734,0.0027922281788943164,0.01281372639632543,0.0018792477254809556,0.008926857272693581,0.007132089171132858,0.012150956196496141,0.00663732744419945,0.010572410680654044,0.007481629174996974,0.007705555432306951,0.008751068565640818,0.007230974125290893,0.0056968758633837635,0.007869445797788525
0.007313592533949234,0.007012127338064731,0.007351758239535753,0.0038511732202028844,0.014620405570631816,0.009656832873670215,0.009656832873670215,0.003262004306895948,0.0013751717011090936,0.006014309679864971,0.013649428690046823,0.0033231643542299513,0.010164431494245472,0.009656832873670215,0.004919284902945033,0.00793293041447364,0.014766684709263631,0.009656832873670215,0.0,0.0032926214189610238,0.006670561096548766,0.0016545364584580273,0.005931118193958552,0.0037253586164041033,0.006027045068417353,0.015297445790155696,0.008488104497405655,0.004159609639750415,0.006811139263145032,0.007241329998773901,0.00915754029601683,0.009290138057172536,0.007178493059886779,0.0016463107094805119,0.004162548777503396
0.0079226498562883,0.004360157551105938,0.002105621963237015,0.0016905075130348457,0.0061496340481847715,0.0001295001295001295,0.008910442656946597,0.0033723647504476395,0.004360157551105938,0.003372364750447639,0.008910442656946597,0.008910442656946597,0.007366490992221984,0.004028293184153851,0.0079226498562883,0.004360157551105938,0.00385964009152415,0.006248906662077271,0.0005637312654856514,0.0013768294215789768,0.002125571690789082,0.0017227520151496761,0.006248906662077271,0.0009617149713768071,0.004360157551105938,0.004360157551105938,0.0018522521446498056,0.002105621963237015,0.006141403703697119,0.0031341464964017725,0.00614414715185967,0.005869033923953831,0.004113209350941363,0.0009702803435323142,0.001924161852969379
0.0046847829432077135,0.001337259937565048,0.0056615839200086894,0.0056615839200086894,0.0046847829432077135,0.0015962601965653072,0.0020337856340907445,0.0022881608884659987,0.0022881608884659987,0.004438121439236268,0.004004062697270075,0.004980863674071052,0.0,0.0011948097951149056,0.004133796134910964,0.0056615839200086894,0.0056615839200086894,0.0056615839200086894,0.0022881608884659987,0.004794246795361624,0.0010747706399880312,0.0022881608884659987,0.0011866957519131433,0.0013279929946596613,0.0022881608884659987,0.0030861588553896253,0.0017238129556970134,0.0022881608884659987,0.0025859973508323766,0.003646624783846322,0.004826720999375789,0.002355199272604268,0.0030251505178894725,0.0035412038419138114,0.001681465764227015
0.00023344672174103613,0.00036294685124116567,0.0036092908956588256,0.0036092908956588256,0.00349971386300487,0.0028256149657840653,0.0036092908956588256,0.0023283863983800594,0.0007904750819730577,0.0036092908956588256,0.0016453615151487775,0.0036092908956588256,0.0020576350956370126,0.0036092908956588256,0.0030098733626028494,0.0036092908956588256,0.0020576350956370126,0.0036092908956588256,0.0036092908956588256,0.0020576350956370126,0.001608199446309049,0.00349971386300487,0.0010397773092594611,0.0003747439644875542,0.0013281285181772186,0.0036092908956588256,0.0020576350956370126,0.0015062371758180401,0.0016335177167552716,0.0022329876659769447,0.003372959373755515,0.0027494386735775014,0.0023342963478669818,0.0028334629956479193,0.0025539566546569593
0.001736504567578909,0.0005894861932013635,0.0026360424990821236,0.007889574091226086,0.005921448832502535,0.005921448832502535,0.007889574091226086,0.007889574091226086,0.0001238696890870804,0.0007569814333099357,0.004328984633200727,0.005921448832502535,0.0016570073333358358,0.005921448832502535,0.004328984633200727,0.003925667296244947,0.0016570073333358358,0.007889574091226086,0.0018721414837985036,0.004328984633200727,0.0030931828631677797,0.004577242319363461,0.0026360424990821236,0.004328984633200727,0.005217596791361192,0.006099239382296196,0.0026360424990821236,0.0021860295490691737,0.004526284735808111,0.003982412149413035,0.004725366920649403,0.004750067692808834,0.0030494218240136014,0.0031005630584996155,0.00383521259126562
0.004327597890592532,0.0022273939867184403,0.008256794807868619,0.0064199368799008946,0.004290362048823057,0.029484547538780027,0.0037974379587231953,0.007782032153618786,0.0100176620208276,0.0057139344784321216,0.005661848770700891,0.006931244764369859,0.02369443171986451,0.004911381661510802,0.004522076195930563,0.0026207041303659665,0.02352823730896552,0.009507386989833352,0.0001238696890870804,0.0033827743623065258,0.005164775116658645,0.007782032153618786,0.005132995946327969,0.020532109461725786,0.005435817533648511,0.010148170164156256,0.0018854257635086517,0.010335252121368668,0.004533615497413239,0.010699767409937434,0.0038110474583731954,0.014136690891045214,0.00782889604926612,0.001753322025696803,0.006473403635138715
0.003735153735153736,0.004535426999195116,0.00129360709070854,0.0009163675830342499,0.004378793509228292,0.005057744188178972,0.005057744188178972,0.004535426999195116,0.00129360709070854,0.00129360709070854,0.005057744188178972,0.005057744188178972,0.0006146564117578611,0.00023741690408357076,0.005057744188178972,0.005057744188178972,0.0006146564117578611,0.00129360709070854,0.0009163675830342499,0.00129360709070854,0.0001295001295001295,0.003187392317827101,0.0006146564117578611,0.00129360709070854,0.005057744188178972,0.00129360709070854,0.0010561901866249694,0.00129360709070854,0.0044659379804307345,0.0010470373695011378,0.004831427295195412,0.003205061176075669,0.002234641365076148,0.001104987336871395,0.0016584462236636152
0.005300022306055487,0.005300022306055487,0.005300022306055487,0.000543900543900544,0.005300022306055487,0.0,0.005300022306055487,0.003567474645906018,0.005300022306055487,0.005300022306055487,0.0006703536115300822,0.0,0.005300022306055487,0.005300022306055487,0.003567474645906018,0.005300022306055487,0.001983383355932375,0.005300022306055487,0.0035674746459060185,0.000815850815850816,0.000543900543900544,0.000815850815850816,0.0,0.0005439005439005439,0.005300022306055487,0.005300022306055487,0.000815850815850816,0.001983383355932375,0.004866885391018119,0.0020588079034534537,0.004722506419338998,0.0022540796447282113,0.005300022306055487,0.0021916627308784173,0.00067987567987568
0.01394818084605335,0.019569925356686748,0.011371272791981421,0.0030288859365226756,0.005121886197737591,0.008612983281555167,0.009497651965766067,0.000907778592941727,0.01157379439047032,0.0067140464324979155,0.006517944890176374,0.004668561335161849,0.0037110779003690017,0.01209879729103883,0.00042806446315218243,0.0030617406153248027,0.0005745888098829275,0.00784537423419697,0.009139621559576048,0.009938958033411738,0.00784537423419697,0.006832545950986851,0.012144579549848,0.004328301674892132,0.01209879729103883,0.005863408375911353,0.0034431107914212355,0.009938958033411738,0.010980884190361972,0.006584383977769638,0.002870563758738192,0.007121872939660244,0.009062511622479605,0.009539289796493893,0.00733896009259191
0.01733632406147026,0.008697502410952703,0.017466196604748113,0.018041552589460823,0.035788063172228705,0.02090987851221769,0.009659817115957467,0.005306935862491417,0.027543709268855462,0.018962950879280165,0.025159841241712586,0.023048485227972412,0.022859979776309065,0.013139562408568256,0.01999724796620883,0.03271500537582409,0.015056980306642926,0.017466196604748113,0.013283072785996764,0.008748377461827755,0.01496338835520122,0.007662944842432023,0.011171224520302345,0.03051525580765347,0.008601475414340911,0.023430878446622935,0.008615798573063532,0.008181838737394292,0.010250144862717962,0.015814380468001703,0.029500105504753876,0.021023549433356,0.01963475350227487,0.01101572512391226,0.01131316659881662
0.01612713418268974,0.0013517979329945142,0.005587041163964241,0.010072271824408577,0.004738597900991064,0.012361973259409157,0.0034863917342549825,0.013070788818652066,0.018411352813062214,0.014599392377170155,0.02378103061863746,0.01957892534815612,0.012604303736782367,0.020891572814649737,0.015787473052430317,0.011776119575264872,0.005614368221205828,0.006566802934324303,0.013857853921956487,0.005925733810349194,0.017777106559157846,0.030582613809109534,0.006413189532847653,0.006881342778778675,0.015023315557503593,0.0068552767270715995,0.005496481992208488,0.022358094580316804,0.008509028167147825,0.00862369912850682,0.010767396842895419,0.017843561155526967,0.01372233436870189,0.00989179386615284,0.024179860184133692
0.016665493495955773,0.011090474725004112,0.011486700722894526,0.008861613842297075,0.010164232559445707,0.0005902426716906356,0.011792939276996326,0.02157827077715411,0.010046160539664284,0.02250091966988847,0.01112033827131337,0.014094485048878953,0.008374648584949981,0.0074053369067393566,0.0045436426171918745,0.0036537917273409847,0.0008238054052533692,0.005275912460824211,0.0085944122804751,0.0018058281666018961,0.009420864161080086,0.0032867295955729707,0.0028255019975932365,0.007490302589995638,0.011049866765844117,0.02157827077715411,0.016169698287133657,0.014062792428342425,0.01528179456877758,0.008374540966791768,0.006120555634659523,0.00831701029671446,0.016293804438137743,0.005200120223538498,0.006353796878326528
0.004512154512154512,0.0005969339302672635,0.007553802174214442,0.02313747563575565,0.011037323911420921,0.0352179257533707,0.0236827032234669,0.026452315972969043,0.009220473741126806,0.004723997861252763,0.007640868635880675,0.0031321057937845004,0.010850633704620104,0.003651015965786678,0.009857290898411801,0.007854208310004664,0.004711710899030632,0.009220473741126806,0.014690940030306547,0.003661490240966837,0.029580369432450612,0.0015649214651622632,0.00381714304539845,0.0015649214651622632,0.005719886567839783,0.002271818658987562,0.008766487455527175,0.007359889024835705,0.01381102690971443,0.008266487930131391,0.009582941039945794,0.012098509970688533,0.005484044207301728,0.009176215135636693,0.015572645448806438
0.006228596253093116,0.001157420989610158,0.00584388283419166,0.0038377099946854875,0.005790923351652097,0.0028074684729909745,0.005790923351652097,0.001157420989610158,0.006228596253093116,0.008038773130746373,0.0037087963648721736,0.002611472511138063,0.0092650106142938,0.00584388283419166,0.0018228235502189614,0.0028074684729909745,0.008038773130746373,0.0038377099946854875,0.0024440631556945196,0.006228596253093116,0.0028074684729909745,0.0002477393781741608,0.0019059762649506237,0.006572790265997643,0.0038377099946854875,0.002611472511138063,0.004617645350644236,0.0092650106142938,0.0035835903959913827,0.005489937306274414,0.0034737384582873444,0.004847326159497334,0.00517913797241576,0.0043363297043938175,0.0015276039255825676
0.0052276229626656975,0.010620552287218954,0.01756924062102544,0.005545596332423883,0.009992218086737946,0.011724758305954886,0.008372760509512646,0.010072448081497857,0.015156636605857322,0.008974009483059257,0.016169963260209617,0.022902286018173405,0.012778908706510517,0.008940545051656163,0.009476987455871316,0.01347121260394262,0.020029809119804093,0.024260146683474988,0.00874460925365903,0.007694497651762609,0.004818359814589076,0.011308569509926977,0.0037214221917590442,0.010415697368940203,0.005758130758130758,0.01864491670927066,0.013275493058047108,0.009118926294642735,0.008573345960223787,0.012992041458764685,0.01098013938218396,0.014503292268500917,0.0121334233890795,0.00821955345271082,0.008063464662258026
0.008172546407840525,0.013693272120873928,0.006344618659389372,0.013659597128213994,0.004762000502719192,0.008553298925345178,0.0033260988108041642,0.007738144876947768,0.013044525692378356,0.0022983633168597844,0.005152328337742855,0.01195009543128143,0.009513290309313171,0.0007009965343298677,0.013659597128213994,0.02309595453465687,0.010844090799635771,0.006344618659389372,0.010151850150130166,0.0011464765612578586,0.004108701973603671,0.002798719291071967,0.008972530769056396,0.0052294984203375095,0.013044525692378356,0.0074187268648251425,0.0035889685872486014,0.00860679143438266,0.008232515554116596,0.007948839307206709,0.013839184055196685,0.007174001907602501,0.008951535391610409,0.005649163355694012,0.003453710632337819
0.009903439096897856,0.0011870845204178537,0.007039658029642416,0.007039658029642416,0.002609324831547054,0.012256086696760404,0.00584580249315239,0.02190257219496985,0.007039658029642416,0.004593655156289118,0.014886753921841644,0.01145751971080753,0.02014626436446447,0.006383210884613336,0.05891612036196725,0.006123289871404503,0.015829039668048956,0.017204477382495958,0.010524898279588552,0.009733237005272673,0.007635938846743004,0.012067243612783555,0.0062358164138349905,0.009918577147877772,0.007039658029642416,0.004705651422131537,0.004705651422131537,0.0019130174186933735,0.009709724576359487,0.008735736939045929,0.022549578354972937,0.013025967115697475,0.005844655659426372,0.010129067642430612,0.00985159122976328
0.004590613099914256,0.004102995304604153,0.005171497575112193,0.01373465893027429,0.014169147598403244,0.009662121748994284,0.006744022571865181,0.010680716987443458,0.008432651584129447,0.007606065766738943,0.01671904001294597,0.022524437495925413,0.007595179217390857,0.007006321550459044,0.009910516990244969,0.01752754895368216,0.010552213012785638,0.025786006104402025,0.000949667616334283,0.012754823974426526,0.008526135972485634,0.005422872505974302,0.0028496231755605686,0.005230678334393505,0.009284467621108622,0.00638674968442638,0.014795230623073233,0.0076372723401777936,0.0065295869909567615,0.010719647511972406,0.013869071180776793,0.012701420005143113,0.007927483664100848,0.006852245795380405,0.006974504239229969
0.013627384462371626,0.008991195185659478,0.008411813313774098,0.0067490973490417815,0.0027274684091121862,0.008711291952010642,0.007678652124750402,0.011999074500728336,0.00718942662295577,0.0025239093757391767,0.0004964171630838298,0.009189010577899469,0.014158047587303232,0.007701530434456263,0.005213967223771145,0.012488512999216606,0.017662702160333877,0.012828059492609253,0.008440376495932052,0.031153489997526932,0.005069724514168959,0.004300185364790694,0.01906349613740263,0.01619427226053142,0.012097567334263903,0.011428256383404436,0.008700028705453278,0.0015583182249848916,0.010574076568377461,0.011395973455516403,0.006809982877366646,0.008051259542950686,0.008309789929090821,0.019796933246729494,0.004684954939479827
0.005602868957569812,0.010305360198522592,0.02312769930291298,0.0038902771808754714,0.028099516026866455,0.012768843217561167,0.006576507538046001,0.00831430756644432,0.00831430756644432,0.011345397242833143,0.021478885154098824,0.015656664481450807,0.0013175333688154203,0.018200096832575466,0.024147089852218057,0.021761963108116955,0.007067718606180145,0.010145722432047219,0.019968821144034817,0.020455921096946737,0.00996004628483261,0.01956277736192266,0.0038900716251143606,0.008786267546951308,0.009641739235756331,0.005603331458032313,0.009719047966911214,0.024661588016288864,0.007699761065145682,0.011411049084660195,0.024669522995733825,0.013884404610900337,0.008726193875766527,0.020212371120490777,0.014761411823377635
0.004913993285692666,0.0035212373759882774,0.004153028689380226,0.006660958491176291,0.00490185642715058,0.005271441479884255,0.004931964936791253,0.004270197928870401,0.003681328402952369,0.006034879500913511,0.007944951521924646,0.010503160867464308,0.005422450950860637,0.006076335351248977,0.004270197928870401,0.009737551501549832,0.004338787808526407,0.005130144237137737,0.0029480652357993754,0.0010209646694293948,0.0056809254896733755,0.001400690823523267,0.001965295611068184,0.007875232411583947,0.008081053194724727,0.00991278778789723,0.007473971178709369,0.00287369790835937,0.004409348381835649,0.005058889541992691,0.006303201952523604,0.007043668034276564,0.00692751222162196,0.001984514952614385,0.0035408081565983214
0.004677287892580699,0.0019643422421200198,0.012478295052562219,0.009368729561037258,0.007543867386862556,0.008676163390953435,0.005506908366385494,0.004093932501533,0.01018609137146965,0.009695283508866911,0.009970753574432507,0.007678549893339936,0.0015279473612806946,0.0011712972071028338,0.004361907687808841,0.0035166370524426804,0.0036031246389302673,0.0036031246389302673,0.001375704274254999,0.007678549893339936,0.004093932501533,0.0026089651089651086,0.005808840733535251,0.0035166370524426804,0.007403079827774344,0.0060695803105141445,0.0060695803105141445,0.005295046202646702,0.004060617750654803,0.006217922273824849,0.00514080404237136,0.005804942285421882,0.008338508754656263,0.004527127083797468,0.003351448805249054
0.007680798894976875,0.0011955619454759462,0.020017931408871047,0.010072298907934376,0.008797223622512711,0.0014551185365665003,0.014323039043541281,0.015095485969834361,0.010379364800721737,0.006072705592101745,0.008588576496610155,0.009040579259679046,0.007748127940435633,0.008852469401277317,0.01944679309891927,0.00995926695729559,0.007642429371478616,0.0062430678351135605,0.0031578938630220685,0.0047351018253481815,0.007271495519358768,0.004885072767968166,0.008468651978350056,0.01603123904233957,0.016105070887624934,0.011183613575055982,0.007561751525592123,0.0015505234932479514,0.009573721463457117,0.009698486695365912,0.01273442789290919,0.0071369743269137295,0.010935188713876099,0.003946497844185125,0.006078284143663467
0.002014800772110714,0.001873596692138144,0.007584461765682162,0.007584461765682162,0.0023276405348194927,0.0127168150424349,0.007150751556165545,0.004062569060849075,0.009280364411877209,0.008713595667169269,0.009250820470753787,0.009250820470753787,0.006607960053886333,0.009250820470753787,0.002277714031504617,0.007457697696445018,0.00408032608755003,0.004628589404395813,0.0054921023547812985,0.010521449639890539,0.006783761618576785,0.0007362899175764674,0.007668429262525739,0.007794245494028511,0.007112546430770345,0.008166846176226717,0.007730223478020572,0.012763490555822066,0.0037754295203158697,0.007479278476713382,0.004021017420923042,0.009415447301716517,0.008318338171510885,0.00800677599733592,0.0037600257680766263
0.009894804420948214,0.0022694988381262893,0.015832014939606693,0.006724685105781135,0.0028113952133559978,0.002610199606177484,0.0218981947237352,0.005359506748395637,0.013539493391177647,0.009121041147184936,0.008617974580769955,0.01987013926430719,0.009662276907123563,0.012058156263787234,0.0035557019279995653,0.011329211586878754,0.011376850762220298,0.017545743551273967,0.005850298333958465,0.0012594068966617987,0.008617974580769955,0.003133934757866381,0.0061644293921820316,0.0024777658890278295,0.013539493391177647,0.0153883725904842,0.0038633884410656655,0.01203830315821266,0.009855501182801336,0.009502897654921285,0.005898769576078106,0.010563749324433085,0.012897100130006108,0.003554852615310132,0.005875954669318168
0.006385279757577395,0.006848159707636834,0.0126667764111203,0.003628900706577931,0.02374832353464832,0.009360411993644777,0.010539998146835754,0.011833184551887416,0.007304856010235596,0.005336431486506902,0.013682182341056148,0.024884251876459016,0.009638057369329368,0.0032119115452448788,0.012948941223199647,0.01186904612621053,0.018043502872562702,0.016846335423509884,0.009146430074031884,0.004507458353612199,0.013493166377781763,0.01270934900899707,0.008398102698002145,0.008406089376426229,0.03264659083537917,0.03169780869001583,0.012573681044017898,0.013770128582848543,0.008901655540984349,0.011791689639383204,0.016188770294686166,0.012155363025146838,0.019246421755534374,0.006826944213822041,0.013101257693389417
0.0045890212054113515,0.0069857482409412764,0.0045890212054113515,0.006091497789587283,0.004892374415541308,0.0034034454442091184,0.004131882044943357,0.003798919736576851,0.004244625084242984,0.007698316355470175,0.006099056259478054,0.007601532843653984,0.008994652135214701,0.009790769597998832,0.0038380265977445197,0.006060596637056642,0.0019144327623859788,0.009790769597998832,0.0,0.006705937211216248,0.0023353778318584754,0.006060596637056642,0.006060596637056642,0.001558378682561689,0.0020728134763222483,0.005080249823376495,0.004764857759618417,0.008994652135214701,0.0048763928069682095,0.005470525821229362,0.004930332550114157,0.0071778912561109385,0.004774001184852976,0.003352968605608124,0.004197987234457559
0.008803107882584477,0.0008741204647637398,0.0061433623009130404,0.009827807010998776,0.0085053549532526,0.004311402509386156,0.009827807010998776,0.008995414365740632,0.00536666985755393,0.004247718003307959,0.005380507091562635,0.006304988717798646,0.0006966889319830496,0.004172635102287666,0.0035359252633206753,0.0012507959876380931,0.0036743256170500755,0.004247718003307959,0.0031422950494290228,0.004911303389115566,0.004247718003307959,0.0017221552352271307,0.0017183470442844369,0.0061433623009130404,0.007122003342002813,0.0034845939902699453,0.0068132108591477235,0.009827807010998776,0.007125112431021907,0.0060494925184517295,0.004430692068070456,0.00417324447060363,0.005055246298283661,0.004026799219272294,0.002984936619267545
0.010310208602460727,0.005222410124370909,0.04008791773371965,0.0018813491035713263,0.018943838268875978,0.008459661239092852,0.0046970341858675055,0.004113966200838737,0.014511436601682956,0.024781981313298285,0.008379512225666071,0.0032840113911003803,0.005019297020699471,0.007975854131354118,0.0017052610017866297,0.0027352523221248577,0.007625273665137654,0.008287893357420494,0.0005755561311116867,0.009080686351068188,0.011593074201565643,0.02858463128236355,0.03676019103534915,0.004767410990784281,0.02084444886269395,0.00831425425607903,0.017288004469145482,0.02320092296210949,0.006085904778384469,0.017487370414654695,0.007794783864262488,0.006623667201582579,0.017113030258438553,0.004828121241089937,0.020088852741964595
0.0034725074761493605,0.0017287023134976353,0.00582592811302373,0.006975528580914269,0.004221735792457141,0.0026546544540246744,0.006975528580914269,0.0030096383448141913,0.005830990443772071,0.005097084182425413,0.003228868973401545,0.0020792685055110085,0.00582592811302373,0.0014286053802737672,0.004106030454278198,0.005839320861459214,0.006975528580914269,0.006975528580914269,0.0031979508462435732,0.005523087678604348,0.0030599732916853513,0.002908561586266078,0.00624668465031595,0.006375845034520382,0.004195590558458185,0.003442525380949874,0.003057444414887468,0.005097084182425413,0.003796594178843864,0.005941196517239469,0.004722362369398184,0.003043465085246945,0.004641547641401386,0.004360519262423961,0.002984267438975715
0.0019098801961756448,0.0030082142666459388,0.0006960063977607838,0.0019098801961756448,0.001885991041851708,0.001910860245315309,0.0030082142666459388,0.0030082142666459388,0.0030082142666459388,0.0019098801961756448,0.001217562983390596,0.0030082142666459388,0.001910860245315309,0.001910860245315309,0.0010936932943035156,0.0016673020550467793,0.0030082142666459388,0.0030082142666459388,0.0015274540648076791,0.0030082142666459388,0.0030082142666459388,0.0025955610762149702,0.0030082142666459388,0.001526474015668015,0.0003664478302159461,0.002321743868759319,0.0030082142666459388,0.00037824494346233475,0.0027336307490283653,0.0020679328274563168,0.001548995463734001,0.001991671597196492,0.0019015715404492122,0.002267834165726809,0.0028018876714304545
0.01169959586249179,0.0016848982535257043,0.01774549840789157,0.015567098674187667,0.015016083901202047,0.004321687334507847,0.006419125304243454,0.0043190241782499195,0.010026867719175412,0.009972702148418588,0.01950338872158882,0.026098665081822448,0.020078596989104785,0.010275054908036306,0.002392626739031968,0.005837496209542463,0.017114984944296155,0.005762099565518369,0.0076147934053916976,0.006331649468904372,0.013330147172530275,0.014677607506918718,0.008249887925604367,0.002292871737316182,0.02347211425894181,0.020038151102756425,0.02084019015265873,0.012650425659475434,0.006030660899627717,0.01252788213336856,0.00774873561659216,0.016055478607012043,0.01587745880732306,0.006973221437148035,0.014003877339724496
0.00549433717176424,0.015524072434641543,0.001811908489335558,0.01014443965384504,0.0003476048191495346,0.005984392133363918,0.0059719560098166835,0.05976160834282945,0.020901977677045425,0.01014443965384504,0.001811908489335558,0.001811908489335558,0.004710254748115421,0.001321853527735881,0.004037947398381003,0.001811908489335558,0.001811908489335558,0.0059719560098166835,0.0023452157598499064,0.0,0.001811908489335558,0.02365172429934107,0.000490054961599677,0.000490054961599677,0.015530855774758217,0.02365172429934107,0.008344360647883685,0.0007749552464999621,0.02168799348976298,0.003729954807489481,0.0020658202356220318,0.003128063477577267,0.017557249351247438,0.0011726078799249532,0.012731816394338315
